tconst,itemLabel,domesticGross
tt0010088,The End of the Road,9000.0
tt0012675,The Sheik,1500000.0
tt0013556,Robin Hood,2500000.0
tt0014991,His Hour,595000.0
tt0015016,The Iron Horse,942889.0
tt0015163,The Navigator,680406.0
tt0015400,The Thief of Bagdad,3000000.0
tt0015648,Battleship Potemkin,46653.0
tt0015864,The Gold Rush,2500000.0
tt0016332,Seven Chances,598288.0
tt0018183,My Best Girl,1027757.0
tt0018253,The Patent Leather Kid,1200000.0
tt0019096,Lights of New York,1252000.0
tt0019388,The Singing Fool,5916000.0
tt0020062,The Kiss,518000.0
tt0020198,The Mysterious Island,1130000.0
tt0020589,Wild Orchids,1165000.0
tt0020641,Anna Christie,1013000.0
tt0020815,The Dawn Patrol,1624000.0
tt0020836,The Doorway to Hell,688000.0
tt0020960,Hell's Angels,8000000.0
tt0021079,Little Caesar,752000.0
tt0021873,Five Star Final,665000.0
tt0021884,Frankenstein,12000000.0
tt0022458,Tabu: A Story of the South Seas,472000.0
tt0022827,Doctor X,594000.0
tt0023181,The Man Who Played God,536000.0
tt0023594,Tiger Shark,879000.0
tt0023622,Trouble in Paradise,475000.0
tt0023642,Union Depot,488000.0
tt0023694,White Zombie,8000000.0
tt0023825,Bombshell,761000.0
tt0024028,Footlight Parade,2400000.0
tt0024620,The Stranger's Return,630000.0
tt0024894,The Black Cat,236000.0
tt0026138,Bride of Frankenstein,2000000.0
tt0026393,G Men,1963000.0
tt0029047,In Old Chicago,2500000.0
tt0029284,My Favorite Wife,2057000.0
tt0029843,The Adventures of Robin Hood,3981000.0
tt0029855,Algiers,951801.0
tt0029870,Angels with Dirty Faces,1700000.0
tt0029947,Bringing Up Baby,489000.0
tt0030202,The Great Waltz,2422000.0
tt0031260,Each Dawn I Die,1570000.0
tt0031398,Gunga Din,2807000.0
tt0031721,"Nick Carter, Master Detective",456000.0
tt0032553,The Great Dictator,5000000.0
tt0032762,The Mark of Zorro,2000000.0
tt0033028,The Sea Hawk,2678000.0
tt0033405,Blood and Sand,2717200.0
tt0033717,High Sierra,1489000.0
tt0033729,How Green Was My Valley,2400000.0
tt0033740,I Wake Up Screaming,1491500.0
tt0034162,The Sea Wolf,1881000.0
tt0034248,Suspicion,4500000.0
tt0034399,A Woman's Face,1907000.0
tt0034449,All Through the Night,1968000.0
tt0034465,Arabian Nights,3453416.0
tt0034578,Captains of the Clouds,3428000.0
tt0034587,Cat People,4000000.0
tt0034646,Desperate Journey,3980000.0
tt0034928,Jungle Book,11000000.0
tt0035258,Rings on Her Fingers,925300.0
tt0035423,Kate & Leopold,76019048.0
tt0035608,Action in the North Atlantic,3460000.0
tt0035799,Destination Tokyo,3237000.0
tt0036218,Northern Pursuit,3252000.0
tt0036323,Sahara,2300000.0
tt0036613,Arsenic and Old Lace,2836000.0
tt0036756,El destino se disculpa,120.74
tt0036855,Gaslight,4613000.0
tt0036959,The Invisible Man's Revenge,765700.0
tt0037366,Thirty Seconds Over Tokyo,4297000.0
tt0037515,And Then There Were None,1000000.0
tt0037644,Dillinger,4000000.0
tt0037954,"Objective, Burma!",3961000.0
tt0038109,Spellbound,4975000.0
tt0038190,A Tree Grows in Brooklyn,3000000.0
tt0038275,Los últimos de Filipinas,2720.25
tt0038650,It's a Wonderful Life,1474573.0
tt0038787,Notorious,24464742.0
tt0038991,The Stranger,3216000.0
tt0039208,Boomerang,2250000.0
tt0039330,Don Quixote,769579.0
tt0039750,Ramrod,2000000.0
tt0039926,The Two Mrs. Carrolls,3569000.0
tt0040221,Caught,511000.0
tt0040259,Currito of the Cross,15983.12
tt0040544,Locura de amor,1937.04
tt0040636,The Naked City,2400000.0
tt0040664,On Our Merry Way,1500000.0
tt0040848,Summer Holiday,1609000.0
tt0041257,Come to the Stable,8000000.0
tt0041445,The Hasty Heart,248584.0
tt0041555,Knock on Any Door,2100000.0
tt0041650,Mighty Joe Young,1950000.0
tt0041776,The Queen of Spades,107250.0
tt0041841,Sands of Iwo Jima,7800000.0
tt0041886,The Small Back Room,129732.0
tt0042041,White Heat,3483000.0
tt0042208,The Asphalt Jungle,2137000.0
tt0042247,The Big Hangover,1626000.0
tt0042393,Destination Moon,5000000.0
tt0042646,King Solomon's Mines,9955000.0
tt0042665,Last Holiday,109084.0
tt0042672,The Lioness of Castille,1670.47
tt0042859,Prima comunione,222402366.0
tt0042994,Stage Fright,1908000.0
tt0043306,Awaara,12500000.0
tt0043379,Captain Horatio Hornblower R.N.,2598000.0
tt0043459,Decision Before Dawn,1550000.0
tt0043547,Flying Leathernecks,2600000.0
tt0043606,Cops and Robbers,653790000.0
tt0043744,Lightning Strikes Twice,1144000.0
tt0043750,Lola la Piconera,10105.42
tt0043899,Pandora and the Flying Dutchman,1600000.0
tt0043924,A Place in the Sun,3500000.0
tt0044079,Strangers on a Train,7000000.0
tt0044081,A Streetcar Named Desire,8000000.0
tt0044333,Against All Flags,1600000.0
tt0044426,Blackbeard the Pirate,1250000.0
tt0044517,The Crimson Pirate,2500000.0
tt0044751,Invitation,1455000.0
tt0044837,Limelight,8000000.0
tt0045061,The Quiet Man,7600000.0
tt0045162,The Snows of Kilimanjaro,6500000.0
tt0045184,Springfield Rifle,4900000.0
tt0045201,Hunted,111000.0
tt0045274,Umberto D.,74308.0
tt0045546,"The Beast from 20,000 Fathoms",5000000.0
tt0045693,Do Bigha Zamin,7000000.0
tt0045759,Eager to Live,76199183.0
tt0045816,The Girl Who Had Everything,1218000.0
tt0045883,Hondo,4100000.0
tt0045888,House of Wax,23750000.0
tt0045891,How to Marry a Millionaire,8000000.0
tt0045897,I Confess,2000000.0
tt0045943,Julius Caesar,3920000.0
tt0046126,Niagara,2300000.0
tt0046250,Roman Holiday,3000000.0
tt0046719,Apache,10000000.0
tt0046876,Creature from the Black Lagoon,1300000.0
tt0046883,La cruz de mayo,1252.38
tt0046951,Elephant Walk,3000000.0
tt0046969,The Fast and the Furious,250000.0
tt0047073,Hell and High Water,2700000.0
tt0047296,On the Waterfront,9600000.0
tt0047478,Seven Samurai,268230000.0
tt0047542,Suddenly,1400000.0
tt0047630,Ulysses,1800000000.0
tt0047885,Blackboard Jungle,5292000.0
tt0048380,Mister Roberts,21200000.0
tt0048473,Pather Panchali,134241.0
tt0048538,The Rains of Ranchipur,2600000.0
tt0048554,Revenge of the Creature,1100000.0
tt0048673,Summertime,2000000.0
tt0048728,To Catch a Thief,8750000.0
tt0048750,The Trouble with Harry,7000000.0
tt0048966,Attack,2000000.0
tt0049092,The Conqueror,9000000.0
tt0049128,Day the World Ended,200000.0
tt0049189,And God Created Woman,21000000.0
tt0049223,Forbidden Planet,2765000.0
tt0049291,The Harder They Fall,1350000.0
tt0049470,The Man Who Knew Too Much,11333333.0
tt0049665,Reach for the Sky,1500000.0
tt0049778,Somebody Up There Likes Me,3360000.0
tt0050118,The Amazing Colossal Man,848000.0
tt0050168,Barnacle Bill,950000.0
tt0050280,The Curse of Frankenstein,8000000.0
tt0050777,Oh! Sabella,712460694.0
tt0050803,The One That Got Away,3000000.0
tt0051036,Sweet Smell of Success,2250000.0
tt0051114,The True Story of Jesse James,1500000.0
tt0051429,Bonjour tristesse,13200000.0
tt0051435,The Brothers Karamazov,2390000.0
tt0051459,Cat on a Hot Tin Roof,17570324.0
tt0051554,Dracula,3500000.0
tt0051565,Dunkirk,2060000.0
tt0051579,In Case of Adversity,2500000.0
tt0051622,The Fly,3000000.0
tt0051658,Gigi,6500000.0
tt0051744,House on Haunted Hill,2500000.0
tt0051808,The Hidden Fortress,342640000.0
tt0051852,The Law,1075000.0
tt0052365,The Vikings,6000000.0
tt0052555,The Vampire and the Ballerina,98000000.0
tt0052561,Anatomy of a Murder,8000000.0
tt0052679,La casa del terror,475231.0
tt0052832,The Fugitive Kind,2100000.0
tt0052920,The Immoral Mr. Teas,1500000.0
tt0052948,Journey to the Center of the Earth,10000000.0
tt0053125,North by Northwest,5740000.0
tt0053131,The Nun's Story,12800000.0
tt0053137,On the Beach,11000000.0
tt0053143,Operation Petticoat,23300000.0
tt0053146,Black Orpheus,750000.0
tt0053247,The Scapegoat,570000.0
tt0053291,Some Like It Hot,25000000.0
tt0053563,At Five O'Clock in the Afternoon,1892.61
tt0053604,The Apartment,18600000.0
tt0053779,La Dolce Vita,19500000.0
tt0054004,Knights of the Teutonic Order,100000000.0
tt0054016,The Last Voyage,2060000.0
tt0054098,Mughal-e-Azam,55000000.0
tt0054170,Pelusa,13313.91
tt0054242,The Passionate Thief,260000000.0
tt0054248,Rocco and His Brothers,11328.0
tt0054387,The Time Machine,2610000.0
tt0054443,Village of the Damned,2175000.0
tt0054698,Breakfast at Tiffany's,9551904.0
tt0054931,The Last Judgement,538641000.0
tt0054953,The Guns of Navarone,28900000.0
tt0054997,The Hustler,7600000.0
tt0055018,The Innocents,1200000.0
tt0055031,Judgment at Nuremberg,10000000.0
tt0055256,"One, Two, Three",4000000.0
tt0055347,When Peace Breaks Out,14296.24
tt0055608,Voyage to the Bottom of the Sea,7000000.0
tt0055630,Yojimbo,351000000.0
tt0055895,Days of Wine and Roses,8123077.0
tt0056059,Hatari!,12923077.0
tt0056193,Lolita,9250000.0
tt0056197,The Longest Day,39100000.0
tt0056218,The Manchurian Candidate,7716923.0
tt0056234,Merrill's Marauders,1600000.0
tt0056264,Mutiny on the Bounty,13680000.0
tt0056406,Requiem for a Heavyweight,1300000.0
tt0056700,The Wonderful World of the Brothers Grimm,8920615.0
tt0056869,The Birds,11403529.0
tt0056875,Blood Feast,4000000.0
tt0056923,Charade,13474588.0
tt0056931,Children of the Damned,1000000.0
tt0056937,Cleopatra,57800000.0
tt0057076,From Russia with Love,24800000.0
tt0057115,The Great Escape,11744471.0
tt0057163,Hud,10000000.0
tt0057193,"It's a Mad, Mad, Mad, Mad World",30000000.0
tt0057232,Queen of the Gas Station,15000000.0
tt0057280,Crypt of the Vampire,69541000000.0
tt0057427,The Trial,998779.0
tt0057449,The Raven,1499275.0
tt0057522,The Ghost,175000000.0
tt0057565,High and Low,460200000.0
tt0057652,The Victors,2350000.0
tt0057877,Becket,149327.0
tt0057993,Castle of Blood,100680000.0
tt0058085,The Fall of the Roman Empire,4750000.0
tt0058088,Fanny Hill,1000000.0
tt0058182,A Hard Day's Night,14000000.0
tt0058329,Marnie,7000000.0
tt0058418,Nuevo en esta plaza,255227.37
tt0058461,A Fistful of Dollars,3500000.0
tt0058604,I Am Cuba,168100.0
tt0059126,Dr. Who and the Daleks,15238.0
tt0059243,The Great Race,25333333.0
tt0059362,The Knack ...and How to Get It,2500000.0
tt0059578,For a Few Dollars More,15000000.0
tt0059641,Red Line 7000,2500000.0
tt0059711,Shenandoah,17268889.0
tt0059792,Planet of the Vampires,251000.0
tt0059825,The Train,6800000.0
tt0060049,Terror-Creatures from the Grave,89000000.0
tt0060086,Alfie,18871300.0
tt0060121,Arabesque,5000000.0
tt0060424,The Fortune Cookie,6000000.0
tt0060440,The War of the Gargantuas,3000000.0
tt0060445,Gambit,2500000.0
tt0060464,Godzilla vs. the Sea Monster,330000000.0
tt0060472,Grand Prix,20845016.0
tt0060490,Harper,12000000.0
tt0060665,A Man for All Seasons,28350000.0
tt0060701,The Diabolical Dr. Z,360990.0
tt0060802,Closely Watched Trains,1500000.0
tt0060921,"The Russians Are Coming, the Russians Are Coming",21693114.0
tt0061087,They're a Weird Mob,2417000.0
tt0061107,Torn Curtain,13000000.0
tt0061398,Berserk!,3195000.0
tt0061452,Casino Royale,22744718.0
tt0061502,The Comedians,5200000.0
tt0061512,Cool Hand Luke,16217773.0
tt0061578,The Dirty Dozen,45300000.0
tt0061770,Hombre,12000000.0
tt0061811,In the Heat of the Night,24379978.0
tt0061834,I Am Curious (Yellow),27700000.0
tt0061955,The Bride Wore Black,9600000.0
tt0062138,Point Blank,9000000.0
tt0062290,Sor Citroën,200000.0
tt0062707,Bandits in Milan,1768000000.0
tt0062765,Bullitt,42300873.0
tt0062776,Candy,16408286.0
tt0062797,La chica de los anuncios,108915.0
tt0062985,For Love of Ivy,7270000.0
tt0063035,The Green Berets,32000000.0
tt0063056,Hell in the Pacific,3230000.0
tt0063121,Ice Station Zebra,4600000.0
tt0063275,The Mark of the Wolfman,1000000.0
tt0063350,Night of the Living Dead,30087064.0
tt0063360,No somos de piedra,50000000.0
tt0063462,The Producers,1600000.0
tt0063518,Romeo and Juliet,38900000.0
tt0063592,Shalako,2620000.0
tt0063688,The Thomas Crown Affair,14000000.0
tt0063787,Vixen!,8000000.0
tt0063794,War and Peace,58000000.0
tt0064072,Battle of Britain,13000000.0
tt0064100,Bob & Carol & Ted & Alice,31900000.0
tt0064116,Once Upon a Time in the West,5321508.0
tt0064117,Cactus Flower,25889208.0
tt0064437,The Honeymoon Killers,11000000.0
tt0064563,Language of Love,7083000.0
tt0064576,Laughter in the Dark,780000.0
tt0064639,Marooned,4000000.0
tt0064747,The Oblong Box,1020000.0
tt0064956,"Segundo Festival de Mortadelo y Filemón, agencia de información",15139.89
tt0065234,Z,17300000.0
tt0065373,"20,000 dólares por un cadáver",62201.92
tt0065571,The Conformist,207269000.0
tt0065724,Five Easy Pieces,18099091.0
tt0065761,The Cat o' Nine Tails,2400000000.0
tt0065803,The Angry River,349350.1
tt0065999,The Chinese Boxer,2077000.0
tt0066071,Mera ur kärlekens språk,3749000.0
tt0066092,Mona the Virgin Nymph,2000000.0
tt0066130,Ned Kelly,808000.0
tt0066471,Too Late the Hero,1590000.0
tt0066769,The Andromeda Strain,12376563.0
tt0066831,Big Jake,7500000.0
tt0066993,The Devils,2000000.0
tt0067055,Equinox,849600.0
tt0067260,Seven Murders for Scotland Yard,83011.15
tt0067320,Kärlekens XYZ,1611384.0
tt0067321,Lady Frankenstein,139683000.0
tt0067411,McCabe & Mrs. Miller,8200000.0
tt0067541,Wake in Fright,312323.0
tt0067952,Villain,1000000.0
tt0067961,Wanda,51713.0
tt0067991,Willard,14545941.0
tt0067992,Willy Wonka & the Chocolate Factory,4000000.0
tt0068260,Behind the Green Door,50000000.0
tt0068327,Cabaret,41326446.0
tt0068341,The Valachi Papers,17106087.0
tt0068351,Q5966117,273869.16
tt0068473,Deliverance,46122355.0
tt0068496,Don Quijote cabalga de nuevo,69807068.0
tt0068519,Gentlemen of Fortune,30000000.0
tt0068595,Flesh Gordon,5300000.0
tt0068611,Frenzy,12600000.0
tt0068638,The Getaway,36734619.0
tt0068762,Jeremiah Johnson,44693786.0
tt0068767,Fist of Fury,4431423.0
tt0068821,Delightful Forest,843047.7
tt0068917,Manolo by Night,304387.9
tt0068935,Way of the Dragon,5307350.0
tt0069016,"¡No firmes más letras, cielo!",225179.46
tt0069050,The Other,3500000.0
tt0069089,Pink Flamingos,6000000.0
tt0069208,La saga de los Drácula,61729.0
tt0069341,Tales from the Crypt,3000000.0
tt0069518,The New One-Armed Swordsman,1596530.0
tt0069528,Young Winston,2150000.0
tt0069690,Allonsanfàn,415000000.0
tt0069702,Ambush,172695.3
tt0069746,Avengers of the Reef,27000.0
tt0069838,The Bell from Hell,23656574.0
tt0069851,Frankenstein's Castle of Freaks,51005000.0
tt0070034,Enter the Dragon,90000000.0
tt0070126,Murder in a Blue World,25198396.0
tt0070215,My Name is Nobody,3620000000.0
tt0070331,Smut Starts at the Pyrenees,570343.0
tt0070432,Nadie oyó gritar,10820846.0
tt0070471,The Sinister Eyes of Dr. Orloff,13532.0
tt0070510,Paper Moon,30933743.0
tt0070723,Soylent Green,3600000.0
tt0070878,Healthy Married Life,346047.55
tt0070959,State of Siege,8000000.0
tt0071110,Airport 1975,103000000.0
tt0071196,Barry McKenzie Holds His Own,1407000.0
tt0071458,Effi Briest,38000000.0
tt0071524,The Front Page,15000000.0
tt0071569,The Golden Voyage of Sinbad,5500000.0
tt0071619,Shaolin Martial Arts,1283178.0
tt0071661,Inn of the Damned,178000.0
tt0071910,The Night Porter,633298.0
tt0071950,Footprints on the Moon,202505676.0
tt0071991,Petersen,1363000.0
tt0072209,Stone,1572000.0
tt0072251,The Taking of Pelham One Two Three,18700000.0
tt0072253,The Tamarind Seed,8000000.0
tt0072271,The Texas Chain Saw Massacre,30859000.0
tt0072684,Barry Lyndon,20000000.0
tt0072727,The Box,857000.0
tt0072750,Bug,3602023.0
tt0072856,Death Race 2000,8000000.0
tt0072912,The Drowning Pool,2600000.0
tt0073338,La Maldicion de la Bestia,103597.64
tt0073341,The Man Who Would Be King,11000000.0
tt0073343,The Man from Hong Kong,1066000.0
tt0073522,Q100155238,14904962.0
tt0073540,Picnic at Hanging Rock,5120000.0
tt0073553,El poder del deseo,86938230.0
tt0073747,The Stepford Wives,4000000.0
tt0073765,Sunday Too Far Away,1356000.0
tt0073768,Supervixens,17000000.0
tt0073896,White Line Fever,35000000.0
tt0073918,The Yakuza,1500000.0
tt0073941,"Aloha, Bobby and Rose",35000000.0
tt0074113,Alice in Wonderland,90000000.0
tt0074116,The Stash,67310.61
tt0074263,Caddie,2847000.0
tt0074287,The House with Laughing Windows,722135000000.0
tt0074292,The Cassandra Crossing,15300000.0
tt0074300,Challenge of the Masters,1417740.6
tt0074404,The Devil's Playground,334000.0
tt0074422,Don's Party,870000.0
tt0074486,Eraserhead,7000000.0
tt0074512,Family Plot,13200000.0
tt0074691,The Inugamis,1559000000.0
tt0074937,Murder by Death,32511047.0
tt0074971,Night of the Skull,46763.0
tt0075342,The Town That Dreaded Sundown,5000000.0
tt0075439,New Fist of Fury,456787.0
tt0075648,Airport '77,91000000.0
tt0075650,Akuma no temari-uta,755000000.0
tt0075651,Shock,196657000000.0
tt0075793,We All Loved Each Other So Much,3584378000.0
tt0076011,The FJ Holden,710000.0
tt0076079,The Getting of Wisdom,982000.0
tt0076099,Black Journal,480000000.0
tt0076144,High Rolling,841000.0
tt0076227,To Kill with Intrigue,292664.9
tt0076299,The Last Wave,1258000.0
tt0076359,The Mango Tree,1028000.0
tt0076542,The Picture Show Man,566014.0
tt0076636,Rollercoaster,8200000.0
tt0076683,The Sentinel,4000000.0
tt0076709,Game of Death II,1950391.0
tt0076740,Sorcerer,12000000.0
tt0076759,Star Wars: Episode IV – A New Hope,775398007.0
tt0076767,Storm Boy,2645000.0
tt0076845,Twilight's Last Gleaming,4500000.0
tt0077240,Los bingueros,197885368.0
tt0077249,Blue Fin,703000.0
tt0077292,Crippled Avengers,1432402.5
tt0077294,Capricorn One,12000000.0
tt0077318,The Chant of Jimmie Blacksmith,1021000.0
tt0077355,Coma,50000000.0
tt0077402,Dawn of the Dead,5100000.0
tt0077681,The Hills Have Eyes,25000000.0
tt0077749,The Irishman,622000.0
tt0077769,Jennifer,2200000.0
tt0077773,Rhyme of Vengeance,796000000.0
tt0077834,Laserblast,322291.0
tt0077889,Magic,23800000.0
tt0077944,Money Movers,330000.0
tt0077986,Newsfront,1576000.0
tt0078235,The Last House on the Beach,25400000.0
tt0078252,Snake in the Eagle's Shadow,2708748.2
tt0078335,Stunt Rock,54000.0
tt0078350,The Swarm,7600000.0
tt0078407,Q100221213,42593.63
tt0078428,2 Champions of Shaolin,1181152.5
tt0078482,Weekend of Shadows,61000.0
tt0078718,...And Justice for All,33300000.0
tt0078740,The Concorde ... Airport '79,65000000.0
tt0078875,The Tin Drum,4000000.0
tt0078946,Cathy's Child,135000.0
tt0079144,Felicity,532000.0
tt0079147,Mad Monkey Kung Fu,2002800.0
tt0079151,Q100191256,56903.47
tt0079368,Jesus,4000000.0
tt0079374,The Journalist,52000.0
tt0079417,Kramer vs. Kramer,106000000.0
tt0079444,The Last of the Knucklemen,180000.0
tt0079470,Monty Python’s Life of Brian,20206622.0
tt0079475,The Little Convict,495000.0
tt0079592,Murder by Decree,1900000.0
tt0079596,My Brilliant Career,3052000.0
tt0079652,The Odd Angry Shot,866000.0
tt0079776,Ratataplan,6000000000.0
tt0079892,Abbot of Shaolin,116880.0
tt0080024,Tim,809000.0
tt0080057,Zombi 2,3000000000.0
tt0080310,Breaker Morant,4735000.0
tt0080316,The Battle of Port Arthur,1800000000.0
tt0080354,Alligator,6459000.0
tt0080491,Caligula,23438120.0
tt0080513,The Chain Reaction,796000.0
tt0080520,Cheech and Chong's Next Movie,41675194.0
tt0080546,The Club,804000.0
tt0080671,The Earthling,72000.0
tt0080684,Star Wars: Episode V – The Empire Strikes Back,292753960.0
tt0080711,Fade to Black,15000000.0
tt0080716,Fame,42000000.0
tt0080725,Fatty Finn,1064000.0
tt0080764,Macabre,560000000.0
tt0080771,Galaxina,4865000.0
tt0080801,The Gods Must Be Crazy,34000000.0
tt0080842,Harlequin,364000.0
tt0080889,Hopscotch,13000000.0
tt0080897,All in the Family,1062710.5
tt0080944,Q115331199,99410.49
tt0081070,The Long Good Friday,426308.0
tt0081119,The Black Hand,198945.7
tt0081182,Death Watch,7600000.0
tt0081187,The Mountain Men,6000000.0
tt0081233,Nightmares,168000.0
tt0081400,Raise the Titanic,7000000.0
tt0081455,Scanners,14225876.0
tt0081502,Two on the Road,912068.5
tt0081635,Times Square,1400000.0
tt0081657,The Triple Death of the Third Character,20080.55
tt0081686,A Week's Vacation,7100000.0
tt0081811,¡Qué verde era mi duque!,136132.76
tt0082131,The Hot Girl Juliet,98449949.0
tt0082186,Clash of the Titans,70000000.0
tt0082206,Coup de Torchon,16500000.0
tt0082233,A Dangerous Summer,33000.0
tt0082242,Dead & Buried,216166.0
tt0082247,Death Hunt,16000000.0
tt0082285,Double Deal,3731.0
tt0082328,Embodiment of Evil,184403.0
tt0082338,Turkey Shoot,321000.0
tt0082498,Happy Birthday to Me,10609514.0
tt0082511,Hell Night,2300000.0
tt0082677,Looker,3281232.0
tt0082694,Mad Max 2,23667907.0
tt0082783,My Dinner with Andre,5250000.0
tt0082926,Polyester,1120000.0
tt0082933,Possession,1158473.0
tt0082935,For a Cop's Hide,17800000.0
tt0082956,Puberty Blues,3918000.0
tt0082984,Reborn,14000000.0
tt0083017,SS Girls,67000000.0
tt0083144,The Survivor,700000.0
tt0083331,Winter of Our Dreams,959000.0
tt0083511,48 Hrs.,78868508.0
tt0083590,The Atomic Cafe,1000000.0
tt0083591,Attack Force Z,88000.0
tt0083691,Breakfast in Paris,42000.0
tt0083716,Crab,2500549.0
tt0083771,Crosstalk,26000.0
tt0083860,Dusty,810000.0
tt0083866,E.T. the Extra-Terrestrial,435110554.0
tt0083907,The Evil Dead,2661944.0
tt0083926,Far East,1972000.0
tt0083959,Forbidden World,4000000.0
tt0083971,Freedom,157000.0
tt0083972,Friday the 13th Part III,36690067.0
tt0084003,Ginger Meggs,990000.0
tt0084059,Heatwave,267000.0
tt0084212,Kitty and the Bagman,58407.0
tt0084296,The Man from Snowy River,17228160.0
tt0084350,Monkey Grip,451000.0
tt0084383,National III,552590.77
tt0084408,Next of Kin,228251.0
tt0084556,Q,255000.0
tt0084563,Que nos quiten lo bailao,29000000.0
tt0084616,Running on Empty,1218000.0
tt0084620,I Enjoy the World With You,17091070.0
tt0084728,Starstruck,1541000.0
tt0084787,The Thing,19629760.0
tt0084807,Boat People,15475087.0
tt0084887,Battletruck,3000000.0
tt0084893,We of the Never Never,3112000.0
tt0085204,BMX Bandits,124649.0
tt0085210,Bad Boys,9000000.0
tt0085278,Buddies,81777.0
tt0085282,Bush Christmas,122035.0
tt0085544,First Contact,120000.0
tt0085689,Hostage,2455000.0
tt0085852,Liquid Sky,1700000.0
tt0085893,Man of Flowers,396041.0
tt0085939,Midnite Spares,417000.0
tt0085956,Molly,188000.0
tt0085968,Moving Out,235261.0
tt0085991,Antarctica,11000000000.0
tt0085995,National Lampoon's Vacation,61399552.0
tt0086024,Now and Forever,34671.0
tt0086189,The Return of Captain Invincible,55110.0
tt0086190,Star Wars: Episode VI – Return of the Jedi,309306177.0
tt0086250,Scarface,65884703.0
tt0086303,Shaolin Drunkard,7484425.0
tt0086325,Smokey and the Bandit Part 3,5600000.0
tt0086366,Still Smokin,15543710.0
tt0086511,Undercover,44666.0
tt0086586,The Wild Duck,115664.0
tt0087004,The Brother from Another Planet,4000000.0
tt0087031,Q5678469,6265231.0
tt0087085,The Coolangatta Gold,1365000.0
tt0087130,Def-Con 4,1057064.0
tt0087242,Fast Talking,100118.0
tt0087298,Friday the 13th: The Final Chapter,32980880.0
tt0087705,"Melvin, Son of Alvin",751143.0
tt0087763,My Brother's Wedding,8217.0
tt0087765,My First Wife,413199.0
tt0087779,Les Nanas,4400000.0
tt0087844,One Night Stand,111978.0
tt0087959,Love in a Fallen City,8134727.0
tt0087985,Red Dawn,38376497.0
tt0088015,"Ronia, the Robber's Daughter",48000000.0
tt0088103,Sheena,5778353.0
tt0088119,Silver City,197639.0
tt0088192,Street Hero,729344.0
tt0088198,Strikebound,157000.0
tt0088768,Red Kiss,5600000.0
tt0088821,Bliss,1144863.0
tt0088866,Burke & Wills,1567000.0
tt0088931,The Coca-Cola Kid,36365.0
tt0088961,Creature,4782000.0
tt0089088,The Empty Beach,34341.0
tt0089122,Fair Game,13902.0
tt0089166,Fran,111903.0
tt0089200,Ghoulies,35000000.0
tt0089216,Golfo de Vizcaya,65197.0
tt0089247,Half Life: A Parable for the Nuclear Age,11264.0
tt0089871,¡Qué tía la C.I.A.!,481232.6
tt0089884,Ratón de ferretería,1962260.0
tt0089888,Rebel,886769.0
tt0089907,The Return of the Living Dead,14237880.0
tt0090190,The Toxic Avenger,800000.0
tt0090784,Cactus,73751.0
tt0090831,Chile: When Will It End?,25100.0
tt0090876,Cool Change,60868.0
tt0090915,Dead End Drive-In,68000.0
tt0090956,Eastern Condors,21606063.0
tt0091067,For Love Alone,193000.0
tt0091069,Fortress,139000.0
tt0091080,Friday the 13th Part VI: Jason Lives,19400000.0
tt0091081,The Fringe Dwellers,174433.0
tt0091216,Home of the Brave,1250000.0
tt0091251,Come and See,71909.0
tt0091289,Jenny Kissed Me,1824.0
tt0091325,Kangaroo,63973.0
tt0091464,Malcolm,3483139.0
tt0091766,Playing Beatie Bow,97306.0
tt0091810,Frog Dreaming,171000.0
tt0091948,Short Changed,14000.0
tt0091964,Sky Pirates,76170.0
tt0092045,Tail of a Tiger,3566.0
tt0092048,Tampopo,224097.0
tt0092080,The More Things Change...,121924.0
tt0092241,Wrong World,17213.0
tt0092264,Heroes Shed No Tears,2833051.0
tt0092494,Batteries Not Included,65088797.0
tt0092597,Australian Dream,45000.0
tt0092708,Bullseye,2847.0
tt0092757,Bushfire Moon,493871.0
tt0092904,Dogs in Space,367351.0
tt0092946,Echoes of Paradise,19851.0
tt0092991,Evil Dead II,5923044.0
tt0093049,Frenchman's Farm,2780.0
tt0093105,"Good Morning, Vietnam",123900000.0
tt0093120,Ground Zero,178576.0
tt0093164,Heat,2793214.0
tt0093406,Les Patterson Saves the World,626000.0
tt0093744,The New Adventures of Pippi Longstocking,3569939.0
tt0093745,The Place at the Coast,57400.0
tt0093748,"Planes, Trains and Automobiles",49530280.0
tt0093761,Por la borda,22107.93
tt0093861,The Right-Hand Man,9660.0
tt0093870,RoboCop,53424681.0
tt0093893,Running from the Guns,72356.0
tt0093978,A Chinese Ghost Story,3867.0
tt0093986,Slam Dance,406881.0
tt0093988,"Slate, Wyn & Me",13478.0
tt0094133,Those Dear Departed,33887.0
tt0094152,The Time Guardian,97728.0
tt0094176,Travelling North,1464000.0
tt0094197,Twelfth Night,201302.0
tt0094343,Princess Fragrance,5608797.0
tt0094597,976-EVIL,2955917.0
tt0094680,As Time Goes By,5854.0
tt0094700,Backstage,8000.0
tt0094789,Boulevard of Broken Dreams,126359.0
tt0094795,Breaking Loose,28648.0
tt0094849,Celia,23336.0
tt0095071,The Silk Road,8200000000.0
tt0095179,Friday the 13th Part VII: The New Blood,19100000.0
tt0095208,Georgia,44205.0
tt0095255,Grievous Bodily Harm,82267.0
tt0095305,High Tide,206185.0
tt0095709,The Navigator: A Medieval Odyssey,480344.0
tt0095765,Cinema Paradiso,12397210.0
tt0095933,Puta misèria!,131605.0
tt0095958,Rampage,796368.0
tt0095996,Rikky and Pete,1071375.0
tt0096130,The Little Spanish Soldier,38372395.0
tt0096954,Bloodmoon,419769.0
tt0097012,Cappuccino,42100.0
tt0097050,The Adventures of Milo and Otis,9800000000.0
tt0097108,"The Cook, the Thief, His Wife and Her Lover",7724701.0
tt0097145,Daisy and Simon,2261.0
tt0097179,DeepStar Six,8143225.0
tt0097182,The Delinquents,3370650.0
tt0097474,Halloween 5: The Revenge of Michael Myers,11642254.0
tt0097597,Island,114764.0
tt0097794,Luigi's Ladies,60814.0
tt0097888,Minnamurra,72462.0
tt0097958,National Lampoon's Christmas Vacation,71320000.0
tt0098193,The Return of Swamp Thing,192816.0
tt0098201,El rey del mambo,90853.76
tt0098329,Always Xonxa,138638.32
tt0098455,Tender Hooks,40800.0
tt0098571,Urxa,26514.0
tt0098959,Wendy Cracked a Walnut,43074.0
tt0099044,Another 48 Hrs.,153518974.0
tt0099080,Baaghi,27500000.0
tt0099138,The Big Steal,2351628.0
tt0099423,Die Hard 2,240031274.0
tt0099426,Bullet in the Head,8545123.0
tt0099558,Armour of God II: Operation Condor,39048711.0
tt0099753,Heaven and Earth,9200000000.0
tt0099780,Holidays on the River Yarra,24600.0
tt0099814,Hurricane Smith,89467.0
tt0099817,I Come in Peace,4348368.0
tt0100112,The Hairdresser's Husband,2710000.0
tt0100414,Blood Oath,707194.0
tt0100465,Adam's Rib,239008.0
tt0100479,Return Home,60000.0
tt0100502,RoboCop 2,45681173.0
tt0100514,The Rookie,21633874.0
tt0100909,Weekend with Kate,16019.0
tt0100915,What the Moon Saw,43919.0
tt0100973,The Swordsman,16052552.0
tt0101387,Aya,40400.0
tt0101395,Backsliding,5054.0
tt0101452,Bill & Ted's Bogus Journey,38037513.0
tt0101692,Death in Brunswick,2725169.0
tt0101765,The Double Life of Véronique,1999955.0
tt0101792,El día que nací yo,973568.47
tt0101808,Emerald City,192831.0
tt0101827,Aquesta nit o mai,208786.53
tt0101996,Hammers Over the Anvil,50491.0
tt0102034,Highlander II: The Quickening,15556340.0
tt0102130,Isabelle Eberhardt,14323.0
tt0102158,Zodiac Killers,9081083.0
tt0102253,The Greek Labyrinth,155412.0
tt0102510,The Naked Gun 2½: The Smell of Fear,86930411.0
tt0102539,Nirvana Street Murder,126028.0
tt0102721,Proof,2163958.0
tt0102932,A Chinese Ghost Story III,15018584.0
tt0102974,Stan and George's New Life,2009.0
tt0103157,The Unborn,1159578.0
tt0103231,Waiting,185600.0
tt0103282,A Woman's Tale,49534.0
tt0103817,Black Harvest,52736.0
tt0104065,Deadly,25421.0
tt0104109,Dingo,132500.0
tt0104233,Fatal Bond,13871.0
tt0104320,Garbo,32227.0
tt0104366,Greenkeeping,17100.0
tt0104785,Mad Bomber in Love,14590.0
tt0105017,Noises Off,2000000.0
tt0105052,On My Own,60000.0
tt0105080,Over the Hill,87672.0
tt0105344,Secrets,215188.0
tt0105626,Toutes peines confondues,6700000.0
tt0105665,Twin Peaks: Fire Walk with Me,4160851.0
tt0105801,Exchange Lifeguards,3634.0
tt0105819,Wild Orchid II: Two Shades of Blue,573904.0
tt0105869,The Wicked City,10778465.0
tt0106245,The Devil's Breath,72447.0
tt0106333,Baazigar,110000000.0
tt0106335,The Baby of Mâcon,88795.0
tt0106341,Bad Boy Bubby,808789.0
tt0106373,Bedevil,27300.0
tt0106487,Broken Highway,18300.0
tt0106963,Frauds,29740.0
tt0107046,Gross Misconduct,439598.0
tt0107093,The Heartbreak Kid,2658819.0
tt0107103,Hercules Returns,318788.0
tt0107450,Love in Limbo,74448.0
tt0107688,The Nightmare Before Christmas,77368668.0
tt0107702,The Nostradamus Kid,242800.0
tt0107930,Reckless Kelly,5444534.0
tt0107978,RoboCop 3,10696210.0
tt0108047,Say a Little Prayer,12500.0
tt0108123,Shotgun Wedding,4794.0
tt0108137,The Silver Brumby,1532649.0
tt0108188,Sonatine,58834.0
tt0108331,This Won't Hurt a Bit,6686.0
tt0108344,"Banderas, the Tyrant",403106.67
tt0108394,Three Colours: Blue,1365410.0
tt0108500,Les Visiteurs,98800000.0
tt0108593,Last Hero in China,18178129.0
tt0109330,Les Braqueuses,1300000.0
tt0109424,Chungking Express,600200.0
tt0109491,Country Life,360957.0
tt0109555,Darr,3480000.0
tt0109702,Cold Water,185917.0
tt0110148,Interview with the Vampire,223700000.0
tt0110200,Fist of Legend,16060576.0
tt0110221,Justino,420000.0
tt0110337,Lex and Rory,39285.0
tt0110405,Lucky Break,197540.0
tt0110413,Léon: The Professional,19501238.0
tt0110500,Metal Skin,883521.0
tt0110622,Naked Gun 33⅓: The Final Insult,51132598.0
tt0110719,Window to Paris,255088.0
tt0110738,Only the Brave,75921.0
tt0110785,The Turkish Passion,3777123.14
tt0110858,Police Rescue,658814.0
tt0111010,The Roly Poly Man,4067.0
tt0111185,Signal One,2000.0
tt0111260,Spider and Rose,856095.0
tt0111407,"That Eye, the Sky",53100.0
tt0111478,Traps,130500.0
tt0111495,Three Colours: Red,3581969.0
tt0111507,Three Colours: White,1237219.0
tt0111767,Summer Snow,14000000.0
tt0111835,The Bodyguard from Beijing,11193177.0
tt0112362,Angel Baby,1070726.0
tt0112439,Back of Beyond,49601.0
tt0112509,Billy's Holiday,68472.0
tt0112652,Celluloide,293600000.0
tt0112682,The City of Lost Children,1738611.0
tt0112775,Dad and Dave: On Our Selection,1222051.0
tt0112864,Die Hard with a Vengeance,100012499.0
tt0112913,Fallen Angels,163145.0
tt0112924,East Meets West,430000000.0
tt0112974,Epsilon,2373.0
tt0113247,La Haine,15300000.0
tt0113337,Hotel Sorrento,1215478.0
tt0113416,The Incredibly True Adventure of Two Girls in Love,2213927.0
tt0113658,Lilian's Story,524526.0
tt0113875,Mushrooms,25530.0
tt0113932,Napoleon,2051855.0
tt0113989,El niño invisible,80000000.0
tt0114368,La scuola,5500000.0
tt0114369,Seven,100125643.0
tt0114429,Shirli-Myrli,231000.0
tt0114437,High Risk,11403790.0
tt0115042,Zamaana Deewana,80000000.0
tt0115756,Brilliant Lies,199329.0
tt0116036,Dating the Enemy,2620325.0
tt0116047,Dead Heart,518203.0
tt0116225,Escape from L.A.,25477365.0
tt0116315,Fistful of Flies,9490.0
tt0116325,Floating Life,141398.0
tt0116604,Idiot Box,837639.0
tt0116681,Body Troopers,10200000.0
tt0116704,First Strike,53168576.0
tt0116875,Life,118981.0
tt0116990,Marianna Ucrìa,800000.0
tt0117101,Mr. Reliable,266329.0
tt0117218,The Nutty Professor,273961019.0
tt0117422,The Quiet Room,57245.0
tt0117925,To Have & to Hold,55061.0
tt0117975,True Love and Chaos,519573.0
tt0117988,Turning April,3421.0
tt0118030,Under the Lighthouse Dancing,30321.0
tt0118531,One Eight Seven,5727130.0
tt0118583,Alien Resurrection,161376069.0
tt0118614,Amy,599724.0
tt0118661,The Avengers,54700000.0
tt0118688,Batman & Robin,238235719.0
tt0118735,Blackrock,1136983.0
tt0118826,The Castle,10326428.0
tt0118849,Children of Heaven,1628579.0
tt0118939,Dead Letter Office,268699.0
tt0118974,Diana & Me,205783.0
tt0119002,Doing Time for Patsy Cline,671639.0
tt0119029,Dust Off the Wings,202099.0
tt0119103,Crackers,1263230.0
tt0119109,Fathers' Day,35659604.0
tt0119201,Girls' Night,1500000.0
tt0119272,Heaven's Burning,55780.0
tt0119415,Joey,1855557.0
tt0119453,Keep the Aspidistra Flying,373830.0
tt0119546,A Little Bit of Soul,135437.0
tt0119558,Lolita,1071255.0
tt0119715,Mouse Hunt,122417389.0
tt0119870,Paws,455171.0
tt0119879,Perdita Durango,2573665.73
tt0119969,Quadrille,818000.0
tt0120025,Road to Nhill,834949.0
tt0120316,Thank God He Met Lizzie,565747.0
tt0120554,Zone 39,21976.0
tt0120665,Top Secret,268177.0
tt0120667,Fantastic Four,330600000.0
tt0120694,Halloween H20: 20 Years Later,75000000.0
tt0120714,The Interview,556263.0
tt0120837,The Sound of One Hand Clapping,514678.0
tt0120882,The Visitors II: The Corridors of Time,66000000.0
tt0120902,The X-Files,189176423.0
tt0121164,Corpse Bride,53401527.0
tt0122685,Black Magic Rites,68080000.0
tt0123056,Emoh Ruo,34000.0
tt0123114,In the Winter Dark,100635.0
tt0128842,The Wiggles Movie,2678686.0
tt0132907,The Craic,5265935.0
tt0133275,What I Have Written,182064.0
tt0133282,Year of the Dogs,199191.0
tt0134033,Plunkett & Macleane,2757485.0
tt0138052,Rats in the Ranks,200000.0
tt0138631,Muggers,13372.0
tt0138771,Sally Marshall Is Not an Alien,1291802.0
tt0138817,The Slim Dusty Movie,225000.0
tt0138829,Spank!,62374.0
tt0142239,Dragon Ball Z: Broly – Second Coming,2470000000.0
tt0142243,Dragon Ball Z: Wrath of the Dragon,2300000000.0
tt0144130,The Castanet Club,25100.0
tt0144528,Nutty Professor II: The Klumps,166339890.0
tt0145467,Silent Partner,33101.0
tt0145547,Two Hands,5478485.0
tt0147192,Praise,578927.0
tt0148583,Passion,302818.0
tt0150641,Fresh Air,10050.0
tt0151047,In a Savage Land,314549.0
tt0151594,The Missing,15091.0
tt0154378,Dance Me to My Song,175138.0
tt0155975,Psycho,37200000.0
tt0156807,Mr. Accident,1612424.0
tt0158113,"Primer Festival de Mortadelo y Filemón, agencia de información",13430.84
tt0158983,"South Park: Bigger, Longer & Uncut",83100000.0
tt0159382,Croupier,6201143.0
tt0160429,The King and I,11993021.0
tt0161415,Cavalli si nasce,626957000.0
tt0163169,Radiance,441168.0
tt0163306,The Sugar Factory,11109.0
tt0164360,Lady Assassin,876247.0
tt0164480,The Brothers,556266.0
tt0164538,Dil Se..,3490000.0
tt0165362,The Dragon Lives Again,436488.7
tt0165555,The Chase,397556.5
tt0165798,Ghost Dog: The Way of the Samurai,3308029.0
tt0166321,The Real Macaw,741576.0
tt0166390,La vendetta di Lady Morgan,61000000.0
tt0166842,Terra Nova,20000.0
tt0166948,The Adventures of the American Rabbit,1268443.0
tt0167132,The Polar Bear,5000000.0
tt0168492,Battle of Blood Island,28828.12
tt0169364,Wind with the Gone,82012.0
tt0169730,Dags,17171.0
tt0172543,He Died with a Felafel in His Hand,820999.0
tt0175996,The Other Conquest,894410.0
tt0176422,Alice and Martin,3005295.0
tt0176666,Dossier 51,2000000.0
tt0177061,Occasional Coarse Language,909475.0
tt0177195,Sample People,47252.0
tt0178022,Siam Sunset,673319.0
tt0179137,Coronation,12908.0
tt0179145,Dear Claudia,265464.0
tt0180037,Paperback Hero,1369280.0
tt0181810,Sex: The Annabel Chong Story,233076.0
tt0183550,My Mother Frank,311324.0
tt0189456,Cut,501979.0
tt0191636,The Widow of Saint-Pierre,7074234.0
tt0193890,Village of Tigers,167056.0
tt0199342,Australian Made: The Movie,43479.0
tt0201951,Strange Fits of Passion,22590.0
tt0202703,Helluva Good Luck,15900139.0
tt0208948,Feeling Sexy,475000.0
tt0209368,Strange Planet,377615.0
tt0210199,Bayside Shakedown,10100000000.0
tt0210843,"Same Love, Same Rain",2385415.0
tt0211915,Amélie,174118254.0
tt0211919,Angst,58850.0
tt0212132,The Tracker,818388.0
tt0212936,Erskineville Kings,183691.0
tt0216417,The Wog Boy,11449799.0
tt0216948,Amateur Singing Contest,250000000.0
tt0217007,Risk,460760.0
tt0217629,Looking for Alibrandi,8280335.0
tt0217643,Mallboy,140742.0
tt0218522,Pornography in Denmark: A New Approach,2000000.0
tt0221691,Walk the Talk,75910.0
tt0223832,The Old Man Who Read Love Stories,181287.0
tt0227277,Plata Quemada,44753475.0
tt0228786,The Crimson Rivers,60000000.0
tt0230030,Bedazzled,90383208.0
tt0231208,Año Mariano,5507689.0
tt0231615,Fovou tous Ellines,92142.0
tt0235198,Audition,131296.0
tt0236783,Tackle Happy,20700.0
tt0237993,101 Reykjavík,126.404
tt0238883,Brother 2,1080000.0
tt0239670,Mortel Transfert,2000000.0
tt0240377,Bigger Than Tina,15000.0
tt0240468,Kung Pow! Enter the Fist,16037962.0
tt0241663,Lavoura Arcaica,874018.0
tt0242285,The Art of Dying,225000000.0
tt0244020,Keechaka Vadham,50000.0
tt0244316,Yi Yi,1196218.0
tt0245428,Selkie,371198.0
tt0247586,Nine Queens,12413888.0
tt0250522,The Love Epidemic,367000.0
tt0251736,House of 1000 Corpses,16800000.0
tt0255195,The Goddess of 1967,103449.0
tt0255426,Niram,50000000.0
tt0256375,Sensitive New-Age Killer,132204.0
tt0258153,S1m0ne,19576023.0
tt0259442,The Monkey's Mask,150177.0
tt0261448,Helluva Good Luck 2,19980437.0
tt0261521,Clams and Mussels,18052128.0
tt0261842,Mullet,1165606.0
tt0262415,Woman of Fire,24955.0
tt0263265,Shortcut to Happiness,605000.0
tt0264792,Let's Get Skase,230037.0
tt0265859,Tempted,87939.0
tt0266078,Yolngu Boy,645700.0
tt0266308,Battle Royale,958989.0
tt0266697,Kill Bill Volume 1,70099045.0
tt0266821,Peculiarities of the National Hunt in Winter Season,65062.0
tt0268437,The Man Who Sued God,8546867.0
tt0270480,Mad Love,9306362.0
tt0270902,Cunnamulla,132485.0
tt0271383,O Auto da Compadecida,11496994.0
tt0275876,10 + 2: The big secret,246656.0
tt0278597,The Nugget,1920993.0
tt0280605,Dirty Deeds,5083187.0
tt0281370,WillFull,21033.0
tt0282129,Rosarigasinos,38286.0
tt0283943,Blanca Madison,7994.8
tt0284034,Demonlover,462976.0
tt0284631,Walking on Water,350532.0
tt0285006,Australian Rules,567333.0
tt0285441,Atanarjuat: The Fast Runner,3789952.0
tt0286306,Deathwatch,2300000.0
tt0287624,Paradise Found,4590.0
tt0287811,Visible Secret,8876319.0
tt0288519,Facing the Music,182901.0
tt0290334,X2,407700000.0
tt0290794,One Night the Moon,276270.0
tt0290867,La Spagnola,477197.0
tt0291350,Millennium Actress,262891.0
tt0291832,Crackerjack,8618107.0
tt0291993,Horseplay,140550.0
tt0293412,Mendam Berahi,220000.0
tt0293715,My Sassy Girl,26000000.0
tt0295254,FeardotCom,18900000.0
tt0295480,The Diaries of Vaslav Nijinsky,39996.0
tt0295701,xXx,277400000.0
tt0295718,Take Away,927582.0
tt0295876,Beneath Clouds,548416.0
tt0299547,Black and White,177886.0
tt0299873,Fausto 5.0,850000.0
tt0299977,Hero,53710019.0
tt0301050,Bolivia,42451.0
tt0301417,The Honourable Wally Norman,181395.0
tt0301563,Love's Brother,977106.0
tt0301989,Visitors,34276.0
tt0302280,I Murder Seriously,3025260.0
tt0302453,Dalkeith,10500.0
tt0303251,You Can't Stop the Murders,254371.0
tt0303408,The Trespasser,33041.0
tt0304514,The Pact,982317.0
tt0305999,The Rage in Placid Lake,482793.0
tt0306432,My Mother Likes Women,3357000.0
tt0306909,Public Enemy,15897574.0
tt0308152,Dead End,75000000.0
tt0309380,Blurred,1454428.0
tt0310000,No Blood No Tears,2900000.0
tt0310775,Sympathy for Mr. Vengeance,45289.0
tt0310778,Bon Voyage,15000000.0
tt0312409,Bad Eggs,2317820.0
tt0312573,Q5771174,640980.85
tt0312886,July Rhapsody,4874951.0
tt0313196,The Crime of Father Amaro,26996738.0
tt0313726,Trojan Warrior,88059.0
tt0314121,Mortadelo & Filemon: The Big Adventure,22847347.0
tt0314170,"Lucía, Lucía",269586.0
tt0315638,The Tiger of Santa Julia,6676233.0
tt0316353,One Perfect Day,1152011.0
tt0316763,Thunderstruck,908294.0
tt0317887,Madame Satã,1155180.0
tt0318283,Alex & Emma,15000000.0
tt0318974,The Alamo,25819961.0
tt0320159,The Night We Called It a Day,502561.0
tt0322298,Bottom of the Sea,220704.0
tt0323120,Loving Annabelle,4200000.0
tt0325145,Box 507,2333248.0
tt0326664,Swimming Upstream,896735.0
tt0326835,Dot the i,306224.0
tt0327205,Something in the Air,153644.0
tt0328175,Seis días en la oscuridad,452391.0
tt0329584,Feelings,8200000.0
tt0330229,Dolls,4067.0
tt0331072,The Wannabes,1227588.0
tt0331088,YMCA Baseball Team,8271113.0
tt0335596,Travelling Light,54619.0
tt0337678,Mirror Wars,1685787.0
tt0338280,Ned,20000.0
tt0338459,Spy Kids 3-D: Game Over,197011982.0
tt0339230,Kopps,58000000.0
tt0339291,Lemony Snicket's A Series of Unfortunate Events,209073645.0
tt0339840,Undead,41196.0
tt0340110,Fat Pizza,3651320.0
tt0341376,Gettin' Square,2292587.0
tt0341384,The Coast Guard,2440549.0
tt0343524,That Day,870000.0
tt0346336,The Best of Youth,2799773.0
tt0347449,Moon of Avellaneda,4032448.0
tt0347755,Peaches,407088.0
tt0351461,Noi the Albino,1317132.0
tt0351817,The Twilight Samurai,6745440.0
tt0351867,Trece badaladas,611971.0
tt0351887,The Twins Effect,28423960.0
tt0352332,Far Side of the Moon,248460.0
tt0352951,Under the Radar,162757.0
tt0353765,Lost in Galicia,121928.0
tt0353969,Memories of Murder,15357.0
tt0355336,A Cold Summer,20380.0
tt0355563,The Illustrated Family Doctor,51895.0
tt0356446,Buenos Aires 100 Kilómetros,6015.0
tt0356453,Live-in maid,183640.0
tt0356487,Whisky Romeo Zulu,13000000.0
tt0357169,The Suit,130279.0
tt0359518,Josh Jarman,11800.0
tt0360032,Strange Bedfellows,4816495.0
tt0360798,Tom White,277234.0
tt0362225,Tell No One,33400000.0
tt0363226,Zatōichi,34196922.0
tt0364569,Oldboy,1882334.0
tt0364725,DodgeBall: A True Underdog Story,168423227.0
tt0365296,Hair High,127300.0
tt0365443,Liquid Bridge,1000112.0
tt0366726,Lost Things,20899.0
tt0366780,MirrorMask,866999.0
tt0367913,Ju-On: The Grudge 2,2700000.0
tt0368226,The Room,1800.0
tt0369738,Moscow Heat,1100000.0
tt0370263,Alien vs. Predator,172544654.0
tt0372478,The Stroll,672000.0
tt0372907,The Extra,749118.0
tt0372909,Fallo!,237679.0
tt0372937,Into the Mirror,70277.0
tt0373883,Halloween,80253908.0
tt0374021,A Man's Gotta Do,154971.0
tt0374164,Silvia's Gift,77287.57
tt0374298,The Turkish Gambit,18461000.0
tt0375222,You and Your Stupid Mate,688491.0
tt0375824,Human Touch,55365.0
tt0376800,Noviembre,1028015.94
tt0376968,The Return,4400000.0
tt0377834,Football Days,14117202.0
tt0378194,Kill Bill Volume 3,66208183.0
tt0378453,"No sos vos, soy yo",3125254.0
tt0378475,Bayside Shakedown 2,17350000000.0
tt0379382,Molly & Mobarak,34515.0
tt0379918,Oyster Farmer,2383051.0
tt0381429,Somersault,2156574.0
tt0385017,In My Father's Den,1600000.0
tt0388484,The Truce,538299.0
tt0388838,Clean,3300000.0
tt0389911,Deck Dogz,286708.0
tt0390195,Perfecto amor equivocado,30714.0
tt0391493,Three Dollars,1371447.0
tt0395119,Alatriste,16715742.0
tt0395802,Veergati,86010000.0
tt0396171,Perfume: The Story of a Murderer,135000000.0
tt0400434,The Finished People,75431.0
tt0402022,Æon Flux,52304001.0
tt0402247,Hating Alison Ashley,2085751.0
tt0403358,Night Watch,33899078.0
tt0403957,The Imperial Japanese Empire,1400000000.0
tt0404318,Losing is a matter of method,37071.0
tt0404978,Gambit,10200000.0
tt0405393,Rudo y Cursi,11200000.0
tt0405821,Casshern,13000000.0
tt0406375,Zathura: A Space Adventure,64321501.0
tt0410056,Through Your Eyes,14493.0
tt0414852,District 13,9487277.0
tt0414931,Breaking News,1028420.0
tt0415678,Shadowboxing,8262833.0
tt0416044,Mongol,5705761.0
tt0416111,Transit (2006 film),300000.0
tt0416496,Bandidas,18087464.0
tt0416666,The Crop,208739.0
tt0416730,FBI: Frikis buscan incordiar,928468.54
tt0417397,The 9th Company,25555809.0
tt0417976,The Promise,34209000.0
tt0418819,Land of the Dead,20700082.0
tt0418986,Okal,19500000.0
tt0420982,Dead Man's Bluff,4180000.0
tt0424235,Letters to Ali,33658.0
tt0424430,Crying Out Love in the Center of the World,74849073.0
tt0424863,The Book of Revelation,271261.0
tt0425196,Like Minds,34840.0
tt0427327,Hairspray,202500000.0
tt0427582,The Method,3500000.0
tt0427954,Tom-Yum-Goong,4417800.0
tt0429078,Seven Swords,3473290.0
tt0430454,The Longest Penalty Shot in the World,5138329.0
tt0431641,Azumi 2: Death or Love,560000000.0
tt0433000,Ouija,250000.0
tt0433817,Ausentes,701684.95
tt0436681,The President Versus David Hicks,10367.0
tt0439572,The Flash,270633313.0
tt0439630,Initial D,4766457.0
tt0439884,A World Without Thieves,100000000.0
tt0442751,Cafundó,185707.0
tt0443453,Borat,262552893.0
tt0443649,"10,000 BC",269800000.0
tt0443701,The X-Files: I Want to Believe,68369434.0
tt0445960,Erendira Ikikunari,114169.0
tt0448205,Bitter & Twisted,12555.0
tt0448564,Irresistible,351992.0
tt0450158,The State Counsellor,7522000.0
tt0450506,Suburban Mayhem,342600.0
tt0451094,Sympathy for Lady Vengeance,211667.0
tt0452003,The Bet,25032.0
tt0452631,The Home Song Stories,452488.0
tt0452644,Lucky Miles,678110.0
tt0452692,The Tender Hook,64232.0
tt0452971,Azuloscurocasinegro,1082154.93
tt0454065,The Aerial,16831.0
tt0454096,The Caterpillar Wish,456018.0
tt0454914,Perhaps Love,7000000.0
tt0455538,How to Lose Friends & Alienate People,19100000.0
tt0456912,A Bittersweet Life,7600000.0
tt0459748,Generation P,4400000.0
tt0459759,Shadowboxing 2: Revenge,12859418.0
tt0459883,Heartlift,74290.0
tt0459924,Paragraph 78,4965266.0
tt0460427,Unfolding Florence: The Many Lives of Florence Broadhurst,429243.0
tt0460532,Popsa,1215000.0
tt0460791,The Fall,3700000.0
tt0460989,The Wind That Shakes the Barley,1836089.0
tt0461336,Saving Private Perez,110943000.0
tt0461894,7 Virgins,4859866.81
tt0461989,The Magician,182164.0
tt0462684,Blood Rain,14270938.0
tt0462703,Antarctic Journal,5568811.0
tt0463872,Asterix at the Olympic Games,132856738.0
tt0466043,Khottabych,1423500.0
tt0467506,The Heirloom,365574.0
tt0468753,Spring Snow,1270000000.0
tt0469099,"Hey, Hey, It's Esther Blueburger",863950.0
tt0470079,Rafťáci,70741221.0
tt0470587,Las vidas de Celia,420548.0
tt0470967,Voice,2900000.0
tt0472615,BoyTown,3135972.0
tt0473753,Angel-A,16300000.0
tt0475616,Duelist,6300000.0
tt0476431,Aupa Etxebeste!,332053.18
tt0476576,La Niña en la Piedra,557461.0
tt0477323,It Doesn't Hurt Me,1090000.0
tt0477349,Piranha,6221316.0
tt0477647,Footy Legends,557331.0
tt0479767,Asiris Nuna,138490.0
tt0480669,Timecrimes,39127.0
tt0481390,Kokoda,3138501.0
tt0482088,Priceless,20000000.0
tt0482374,Gone,88748.0
tt0482930,Dragon Tiger Gate,12108465.0
tt0483741,Never on Sunday,513004.0
tt0485863,A Battle of Wits,17800000.0
tt0488478,12,7537453.0
tt0489664,Butterfly on a Wheel,7650000.0
tt0490086,Big Stan,8742330.0
tt0490215,Silence,23834809.0
tt0493160,Razzle Dazzle: A Journey into Dance,1640644.0
tt0493405,CHiPs,25244922.0
tt0493430,Jackass Number Two,72778712.0
tt0495219,Cándida,1859610.5
tt0495351,In the Shadow of the Palms,1430.0
tt0497137,"I'm a Cyborg, But That's OK",4135966.0
tt0498311,Re-cycle,2263016.0
tt0498928,Casa de remolienda,360936.0
tt0758730,Aliens vs. Predator: Requiem,128884494.0
tt0758742,Death Note,31300000.0
tt0774513,My Grandmother's House,45033.5
tt0775080,Closed for Winter,53370.0
tt0775486,Hunt Angels,40883.0
tt0778596,53 Winter Days,229395.0
tt0780503,Dororo,3450000000.0
tt0780504,Drive,78714970.0
tt0783511,Dr. Plonk,83450.0
tt0790808,Forbidden Lies,401027.0
tt0791178,The Jammed,361524.0
tt0795448,Rampage,17855.0
tt0800320,Clash of the Titans,493200000.0
tt0806029,Farewell,7400000.0
tt0807038,Road Spain,109484.0
tt0808185,The Bothersome Man,8865.0
tt0808380,Modern Love,549.0
tt0809469,Limit of Love: Umizaru,7100000000.0
tt0810827,Death Note 2: The Last Name,54000000.0
tt0814255,Percy Jackson & the Olympians: The Lightning Thief,226496399.0
tt0816436,Black Water,111989.0
tt0816556,Lake Mungo,29850.0
tt0817225,Secret Sunshine,10856400.0
tt0821470,The City of Violence,6200000.0
tt0822389,Kenny,7778177.0
tt0822832,Marley & Me,242717113.0
tt0825244,Conversations with My Gardener,25000000.0
tt0827517,Reprise,1297260.0
tt0834902,Confession of Pain,14182296.0
tt0836632,Wrap Up,91291.0
tt0837563,Pet Sematary,112400000.0
tt0838231,Unfinished Sky,966160.0
tt0847738,Kanyini,52450.0
tt0847880,Cargo 200,570000.0
tt0848228,The Avengers,623357910.0
tt0848592,Last Train to Freo,102726.0
tt0857376,Gabriel,1405455.0
tt0862946,Mushishi,4200000.0
tt0865297,The Black Balloon,2265689.0
tt0867160,Whaledreamers,22769.0
tt0867284,Em4Jay,3110.0
tt0867406,Q92206887,1112.7
tt0874317,Salute,233411.0
tt0875025,Tazza: The High Rollers,39200000.0
tt0881200,Assembly,260000000.0
tt0884335,Chrysalis,1200000.0
tt0885520,Eternal Summer,10000000.0
tt0891308,God on My Side,355120.0
tt0897287,Blood Brothers,4234311.0
tt0901488,Eye in the Sky,1792872.0
tt0903644,September,72549.0
tt0905372,The Thing,27428670.0
tt0913446,Heat,15710000.0
tt0914863,Unthinkable,1669947.0
tt0918561,Rule No. 1,936890.0
tt0918639,The View from Greenhaven,6648.0
tt0926084,Harry Potter and the Deathly Hallows – Part 1,296374621.0
tt0933382,Soviet Park,130000.0
tt0938303,The Final Winter,284354.0
tt0938330,Silent Hill: Revelation,52302796.0
tt0938339,Ten Empty,49015.0
tt0954272,Crooked Business,27804.0
tt0956299,Konservy,2069986.0
tt0962764,The House of the Sun,100000.0
tt0963743,"Angus, Thongs and Perfect Snogging",2220126.0
tt0970416,The Day the Earth Stood Still,233093859.0
tt0970922,Boxing Day,2588.0
tt0977640,The Toast,208576.0
tt0987918,The Irony of Fate 2,55635037.0
tt0995739,Invisible Target,13232308.0
tt0996930,Love Me No More,10900000.0
tt0996966,"Not Quite Hollywood: The Wild, Untold Story of Ozploitation!",186986.0
tt0997147,Big Man Japan,40796.0
tt0997157,Hero,8150000000.0
tt0997263,Unmade Beds,180144.0
tt10023022,Clean,319000.0
tt1003009,La Leyenda de la Nahuala,42200000.0
tt10042590,El verano que vivimos,1200000.0
tt10059518,Unhinged,44300000.0
tt1013743,Knight and Day,261900000.0
tt1013752,Fast & Furious,363200000.0
tt10140922,Odessa,1311351.0
tt10151260,Welad Rizk 2,106753422.0
tt10151854,Shazam! Fury of the Gods,57638006.0
tt10199590,Les Misérables,18900000.0
tt1020955,Chef's Special,5112111.22
tt10218674,The Bravest,1700000000.0
tt1022603,(500) Days of Summer,60800444.0
tt1024232,Prey,744.0
tt10256894,Voskresenye,700000.0
tt10272386,The Father,2868385.0
tt10279102,4th Republic,21319.0
tt1029172,The War on Democracy,199500.0
tt10315050,Dampyr,362.113
tt10327136,Mokalik,46900000.0
tt1032755,RocknRolla,25700000.0
tt1032846,"4 Months, 3 Weeks and 2 Days",10174839.0
tt10366206,John Wick: Chapter 4,3697907.0
tt10366460,CODA,1100000.0
tt10370710,The Worst Person in the World,3034775.0
tt10370822,Detective Chinatown 3,686257563.0
tt10384744,Heroic Losers,7171913.0
tt10398182,Q60852264,23871417.0
tt1039949,Cactus,160934.0
tt10405142,Serial (Bad) Weddings 3,5158167.0
tt10410186,The Bling Lagosians,120000000.0
tt10415576,Love After Love,64000000.0
tt1041804,The Nutcracker in 3D,16000000.0
tt10428316,Natsamrat,20000000.0
tt10434142,Schoolgirls,461.216
tt1043568,Vice,1420586.0
tt1043860,Newcastle,213563.0
tt10446658,Sab el-Burumbah,35082656.0
tt10451852,Nine Days,915426.0
tt10492998,I Hate Summer,8926071.0
tt10497826,Casablanca,79156808.0
tt10497992,Shantet Hamza,31932.0
tt10499474,10 Days in Sun City,176700000.0
tt10503934,The Treasure 2,6131090.0
tt10515086,The Blue Elephant 2,103633291.0
tt10521092,The Forgotten Battle,6000546.0
tt10521814,K-12,359377.0
tt10545296,The Hunger Games: The Ballad of Songbirds and Snakes,315300000.0
tt10589738,Libertad,83145.0
tt1060255,The Horseman,3328.0
tt10633456,Minari,15312445.0
tt10640346,Babylon,15351455.0
tt1064744,Dying Breed,525384.0
tt10648342,Thor: Love and Thunder,19534795.0
tt1064932,Bienvenue chez les Ch'tis,245000000.0
tt10660156,Longa noite,19137.2
tt10665338,Halloween Kills,92002155.0
tt10676048,The Marvels,206136557.0
tt1068242,Footloose,62701289.0
tt10696882,Khayal Ma'ata,38440061.0
tt10698680,K.G.F: Chapter 2,9300000000.0
tt10731256,Don't Worry Darling,87609403.0
tt10741846,Rita Moreno: Just a Girl Who Decided to Go for It,264626.0
tt10749948,Land of Legends,927000000.0
tt10767426,Text,6386186.0
tt10783920,Dert Bende,9070.0
tt10818092,Error 102,548547648.0
tt1082881,"Two Fists, One Heart",305300.0
tt1085507,The Square,321768.0
tt1085779,The Hole,10362785.0
tt10872600,Spider-Man: No Way Home,814115070.0
tt1087832,The Apocalypse Code,10400000.0
tt10919020,A Diary of a First-grader Mom,18.2
tt1092004,Glass: A Portrait of Philip in Twelve Parts,26768.0
tt10948718,Heist of the Century,12000000.0
tt10954600,Ant-Man and the Wasp: Quantumania,5949118.0
tt10954984,Nope,5405564.0
tt11003218,Pig,3186668.0
tt1101026,The Admiral,38135878.0
tt1101031,Broken Sun,5089.0
tt11028768,The People Upstairs,648622.0
tt1104814,Coffin Rock,31312.0
tt11083552,Wrath of Man,104000000.0
tt1110207,Under the Salt,1577437.0
tt1111422,The Taking of Pelham 123,150166126.0
tt1111876,Balibo,1330863.0
tt11120636,LA Minor,1288153000.0
tt11127680,Boiling Point,1142493.0
tt11133472,Three Thieves,8000000.0
tt11138512,The Northman,5002298.0
tt11140488,The Wolf of Snow Hollow,185026.0
tt11145118,Creed III,2937730.0
tt11196036,The Card Counter,2657850.0
tt11206172,The Cover,72329.17
tt1124396,Hitler is kaput!,245469464.0
tt11245972,Scream,81641405.0
tt11252248,Dog,61778069.0
tt11291274,The Unbearable Weight of Massive Talent,20300157.0
tt1134519,Hidden Fortress: The Last Princess,8500000.0
tt11347146,Mat Kilau: The Rise of a Warrior,97000000.0
tt11382384,The Dissident,57.0
tt1138442,A Better Tomorrow,10751422.0
tt11389748,Mass,250513.0
tt11398346,Strawberry Mansion,97526.0
tt11400902,A Banquet,13125.0
tt1140871,The Russian Game,240500.0
tt11426562,1942: Unknown Battle,85878642.0
tt11439556,Deeper!,1014750.0
tt1146325,Singh Is Kinng,263091.0
tt11464016,Gunda,115691.0
tt11465994,Our Consul in Havana,4077000.0
tt11482948,Schemes in Antiques,51600000.0
tt11489288,Your Excellency,186300000.0
tt11496286,Eroski Paraíso,12318.3
tt11525022,Dance of the 41,578919.0
tt1156396,Prime Mover,52119.0
tt11564468,Barakat,66181.0
tt1156447,Happy Flight,13809609.0
tt11564570,Glass Onion: A Knives Out Mystery,15000000.0
tt1160419,Dune,108327830.0
tt1160996,The Colony,321310.0
tt1161443,Friend Zone,2005165.61
tt11660916,Ons,9158.46
tt1167599,Vicky the Viking,32000000.0
tt11686556,On the Moon,13955.0
tt11700260,Official Competition,4700000.0
tt11703244,The Blackening,7000000.0
tt1170391,Beautiful,56101.0
tt11718516,Huesera: The Bone Woman,1600000.0
tt11768018,Zero Day,8726218500.0
tt1176928,25 carat,220440.5
tt11772966,Atabai,868576100.0
tt1179067,The Best Movie,30496695.0
tt1179069,Shelter,851517.0
tt11802938,The Ghost and the Tout,72233105.0
tt11813216,The Banshees of Inisherin,2013590.0
tt11815960,Kola Superdeep,40812565.0
tt11822492,Small Chops,20000000.0
tt11827628,Memory,7329043.0
tt1182924,L'emmerdeur,2000000.0
tt11829884,Fate of Alakada,113200000.0
tt1183352,Ana y Bruno,976967.0
tt11851548,Orphan: First Kill,5413227.0
tt1185266,Stan Helsing,11014125.0
tt11858890,The Creator,61829037.0
tt1186366,Morphine,766075.0
tt1187064,Triangle,11282.0
tt11872724,Mighty Victoria,381441.0
tt1188996,My Name Is Khan,285200000.0
tt11892034,V2. Escape from Hell,309832091.0
tt11892272,Outlaws,15300000.0
tt1189897,Monkey Puzzle,3236.0
tt1190539,The Chaser,35760133.0
tt11930126,Alcarràs,116862.0
tt11950836,Lúa vermella,10608.97
tt1198196,Election Day,6200000.0
tt1198220,Son of a Lion,124668.0
tt1201592,Square One,2160.0
tt1201607,Harry Potter and the Deathly Hallows – Part 2,381447587.0
tt1202532,Platon,5129300.0
tt1203532,Subdivision,206350.0
tt12058242,Streltsov,361620479.0
tt12077086,Tsoi,26236961.0
tt1209377,Beautiful Kate,1618490.0
tt1212453,Bayside Shakedown 3,7310000000.0
tt1214974,Men's Group,67184.0
tt1216496,Mother,16283879.0
tt1217565,Radio Day,5700000.0
tt1217613,Battle: Los Angeles,211800000.0
tt12200256,Fire,926800000.0
tt1220719,Ip Man,22108789.0
tt1224378,Viy,1200263808.0
tt1227189,Everybody Dies but Me,235432.0
tt1229345,Cedar Boys,204160.0
tt1230463,Matar a todos,79259.0
tt1235142,Last Ride,388722.0
tt12363162,"My People, My Homeland",3120000000.0
tt1236434,Deseo,582150.0
tt1239388,Three Blind Mice,9590.0
tt1239426,Stilyagi,16810383.0
tt12410714,Teresa,183545.0
tt12412888,Sonic the Hedgehog 2,190872904.0
tt1242744,The Valdemar Legacy,984633.0
tt12447796,Unwelcome,392846.0
tt1245492,This Is the End,101470202.0
tt1245526,RED,199000000.0
tt12474056,New Order,1300000.0
tt1247681,Magic Journey to Africa,1557590.0
tt12477480,Decision to Leave,2179864.0
tt12497408,A Little Red Flower,1433000000.0
tt12500804,La casa del caracol,126566.0
tt1253863,300: Rise of an Empire,337580051.0
tt1255919,Holmes & Watson,30573626.0
tt1255953,Incendies,16025025.0
tt12593682,Bullet Train,239246943.0
tt1261393,El estudiante,3241731.0
tt1267297,Hercules,244819862.0
tt1270090,Lucky Country,27424.0
tt1270797,Venom,24390085.0
tt1270850,The Waiting City,544888.0
tt1272018,Kandagar,14863543.0
tt1276110,Charlie & Boots,3857743.0
tt12768840,Get the Hell Out,4170000.0
tt1277373,Umizaru 3: The Last Message,80040000000.0
tt1278055,El frasco,124477.0
tt1278180,Kenny Begins,9426328.0
tt1282024,Blessed,457898.0
tt1284028,Love the Beast,777351.0
tt12847680,Retirement Home,15356.0
tt1288558,Evil Dead,54239856.0
tt1288571,Shank,713697.0
tt1291580,Behind the Candelabra,13400000.0
tt1293847,xXx Return of Xander Cage,346118277.0
tt12953548,Super Sharanya,23.0
tt12971924,The Call,1591194.0
tt1297299,Salvation,3182.0
tt1297919,Blitz,15774948.0
tt1301308,Mixed Kebab,96217.0
tt1302006,The Irishman,885600.0
tt1302577,Pradolongo,153487.3
tt13045626,Q60854262,4000000.0
tt13056052,Broker,14946823.0
tt13086670,Vyšehrad: Fylm,104278232.0
tt13097336,The Lady of Heaven,54966.0
tt1310363,Bastardy,37570.0
tt13113544,Quam's Money,89900000.0
tt13204490,Petite Maman,526844.0
tt1321813,The Burning Season,19283.0
tt1322302,The Zero Hour,3947360.0
tt1324999,The Twilight Saga: Breaking Dawn – Part 1,712205856.0
tt1327798,The Good Life,250900.0
tt1329354,Girl Clock!,43434.0
tt13349892,Kompromat,4099572.0
tt13364790,"Hi, Mom",822009764.0
tt13389730,"Simone Veil, A Woman of the Century",18181198.0
tt13391710,Jana Gana Mana,500000000.0
tt1340123,Samson and Delilah,3188931.0
tt1340138,Terminator Genisys,89760956.0
tt1340800,Tinker Tailor Soldier Spy,77800000.0
tt1343092,The Great Gatsby,353641895.0
tt13450396,Tygyn Darkhan,11346891.0
tt1345507,R.T.T.,452550.0
tt13462900,The Battle at Lake Changjin,2312139.0
tt13486236,Kakha,7500000.0
tt13531468,Rise,277199.0
tt1355644,Passengers,303144152.0
tt13560574,X,11765309.0
tt13580840,Simón,282432.0
tt1361843,Van Diemen's Land,289353.0
tt13622118,Cryptozoo,33765.0
tt1364289,The Best Movie 2,11000000.0
tt13651628,Belle,4018313.0
tt13652420,Obratnaya svyaz,110637416.0
tt13655120,I.S.S.,6700000.0
tt1368864,My Tehran for Sale,15458.0
tt1369813,The Luckiest Man,280187.0
tt1370439,"The Return of the Musketeers, or The Treasures of Cardinal Mazarin",2535164.0
tt1371150,This Is Where I Leave You,40996320.0
tt13721828,The Witch: Part 2. The Other One,23010168.0
tt1373243,The New Year's Rate Plan,3877492.0
tt13758684,Fortune Favors Lady Nikuko,91653.0
tt13758760,Waafet Reggala,15635108.0
tt1376709,I Love You Too,2365467.0
tt13809646,Nneka the Pretty Serpent,50000000.0
tt13833688,The Whale,17233000.0
tt13857480,Fine Wine,24200000.0
tt1386703,Total Recall,198467168.0
tt13880104,Happening,1577367.0
tt1388358,Q42414642,17488.0
tt13887128,Drifting,725220.0
tt1388924,I Am,70000.0
tt13890834,Rattlesnake: The Ahanna Story,70000000.0
tt13898970,LOUD,300000.0
tt13930782,Champion of the World,314023862.0
tt1393746,Aftershock,108000000.0
tt13946146,Zoya,70466343.0
tt13970148,Cuñados,304856.41
tt1401143,Rare Exports: A Christmas Tale,390218.0
tt1403085,Bury Me Behind the Baseboard,1136883.0
tt14033502,Bad Luck Banging or Loony Porn,72342.0
tt14034966,Wheel of Fortune and Fantasy,1549142.0
tt14039582,Drive My Car,15319767.0
tt14060094,Blacklight,15902207.0
tt1409024,Men in Black 3,179020854.0
tt14099462,Omo Ghetto: The Saga,636100000.0
tt14109724,Ticket to Paradise,168505500.0
tt14141754,Couple from the Future,520373549.0
tt1414840,Lovey 2 Dovey,17850711.0
tt1418646,Beneath Hill 60,3209471.0
tt14188284,Eagle Wings,145000000.0
tt14210088,White Snow,55581264.0
tt14230458,Poor Things,93499622.0
tt14274698,Soft Work,100000.0
tt1428538,Hansel & Gretel: Witch Hunters,226349749.0
tt14303882,The Pilot. A Battle for Survival,800311.0
tt14338074,Sniper,1531496000.0
tt1435475,"Buben, baraban",14800.0
tt14354838,Héroes. Silencio y Rock & Roll,3909.4
tt1438461,The Founding of a Republic,420000000.0
tt14402146,Empire of Light,191343.0
tt14444726,Tár,589168.0
tt1446151,Rookies: Graduation,8550000000.0
tt1447944,Bad Bush,3961.0
tt14503370,Prophetess,131200000.0
tt1451395,Lou,59505.0
tt14536120,The Master and Margarita,2300000000.0
tt14542254,November,17605170.0
tt1454523,Black Bread,3784105.0
tt14549466,Crimes of the Future,2452882.0
tt14570440,Radical,20945701.0
tt1457766,Wog Boy 2: Kings of Mykonos,4896817.0
tt1458527,Anita,409068.0
tt1459000,Stone Bros.,98032.0
tt1460738,Eden of the East: The King of Eden,505349.0
tt1460743,Reign of Assassins,13300000.0
tt14614892,Dragon Ball Super: Super Hero,18500000.0
tt1461681,Hit,129589.0
tt1464335,Uncharted,24276031.0
tt1465522,Tucker & Dale vs. Evil,5224938.0
tt14668630,"Lyle, Lyle, Crocodile",110972933.0
tt1467304,The Human Centipede,252207.0
tt1467391,Spanish Movie,7626384.09
tt1475400,To Hell With The Ugly,6634286.0
tt1477109,Space Battleship Yamato,4100000000.0
tt1477715,Michael Jackson's This Is It,261200000.0
tt1478839,The Art of Racing in the Rain,33766787.0
tt14812496,The Challenge,1766892041.0
tt1483386,Heroes,645148.0
tt14860210,Father & Soldier,6828768.0
tt1486834,The F Word,7847000.0
tt14928724,Dear Affy,39600000.0
tt1496025,Underworld: Awakening,160112671.0
tt1502397,Bad Boys for Life,419074646.0
tt1502407,Halloween,253700000.0
tt15056566,The Wishing Tree: Childhood Memories,405.373
tt15109082,The Quiet Girl,190411.0
tt15120086,House of Gold,15454401.0
tt1512685,Julia's Eyes,12884923.0
tt15149712,Day of Destiny,18600000.0
tt15150424,Ayinla,91470900.0
tt1515205,Paju,818676.0
tt1515882,Passenger,190000.0
tt15164298,Dynamite,58178370740.0
tt1517268,Barbie,1345183126.0
tt1517451,A Star Is Born,430718255.0
tt1517489,Spy Kids: All the Time in the World,72000000.0
tt15198954,Romantiche,418261.0
tt15255876,Emily the Criminal,1946602.0
tt1529279,Into the Shadows,4384.0
tt15325794,Fall,13700000.0
tt1536537,What Happened to Monday,19770856.0
tt15398776,Oppenheimer,955300000.0
tt15428940,Jules,1328109.0
tt1542960,The Figurine,30000000.0
tt15464742,Kali Jotta,39.68
tt15471560,Smoking Causes Coughing,41062.0
tt15474916,Smile,217408513.0
tt1551620,Hidalgo: La historia jamás contada,3077143.0
tt15547806,Finnick,454000000.0
tt15575470,Project Wolf Hunting,17900.0
tt1560220,Zombieland: Double Tap,59307000.0
tt1560950,Dabbe 2,1982397.0
tt15613538,For Ziko,11081285.0
tt1564367,Just Go with It,214900000.0
tt1565995,"Tlatelolco, verano del 68",348312.0
tt1566501,Cristiada,10173682.0
tt1566601,The Island,5696912.0
tt1568816,Phase 7,665960.0
tt1569364,Black Lightning,21500000.0
tt1569465,Our Russia. The Balls of Fate,22212223.0
tt15783462,Nice View,1380000000.0
tt15838850,The Roundup,101706187.0
tt1587278,South Solitary,279341.0
tt1588358,Hermano,1610864.0
tt1595354,A Boy and His Samurai,1763791.0
tt1595366,What Men Talk About,12060112.0
tt1595656,To the Wonder,2783139.0
tt1606652,The PyraMMMid,33000000.0
tt16148580,Yolki 8,65838722.0
tt16223874,Guidance Patrol 3,12769054300.0
tt16233104,XxxHolic,2882403.0
tt1625098,Igualita a mí,3709309.0
tt1630029,Avatar: The Way of Water,43513484.0
tt1633356,Shark Night,31058502.0
tt1634106,Bloodshot,30669219.0
tt1638355,The Man from U.N.C.L.E.,107045109.0
tt1640459,Hobo with a Shotgun,748453.0
tt16410984,The One,2233090.0
tt16425284,Mixed by Erry,247617.0
tt16430516,V.o. Svyatoho Mykolaya,22883.0
tt1645131,Romeo and Juliet,1162635.0
tt1648216,Three Steps Above Heaven,9881471.0
tt1649444,Rec 3: Genesis,8260844.12
tt1656190,Safe,40346186.0
tt1658837,The Tall Man,5212903.0
tt1661199,Cinderella,201151353.0
tt1661236,The Movie Teller,292840.0
tt1671616,18 Meals,311919.92
tt1673434,The Twilight Saga: Breaking Dawn – Part 2,829746820.0
tt1675434,The Intouchables,18136785.0
tt1677561,Colorful,3921769.0
tt1677719,Racketeer,1200000.0
tt1686039,Five Minarets in New York,21000000.0
tt1694019,Moss,21925534.0
tt1695136,La otra familia,3297256.0
tt1695765,Between Us,2336212.0
tt17024450,The Equalizer 3,182800000.0
tt1706414,The Edge,5122737.0
tt1707386,Les Misérables,441809770.0
tt1714210,Weekend,1577585.0
tt1714834,17 Hours,371204.84
tt1716772,The Inbetweeners Movie,88823111.0
tt1718837,"Moscow, I Love You!",1169000.0
tt1722450,Inadequate people,621262.0
tt1725995,Hello Stranger,4413745.0
tt1728245,Rzhevsky versus Napoleon,7805333.0
tt1740707,Trollhunter,5341098.0
tt1745713,Buddha Mountain,70000000.0
tt1745960,Top Gun: Maverick,702480344.0
tt1746183,A Stoker,183640.0
tt1748179,Red Lights,14107313.0
tt17491616,Kingmaker,6049522.0
tt1760958,En fuera de juego,420332.0
tt1764600,Office Romance. Our Time,14600000.0
tt1765729,Brigada: Naslednik,7852528.0
tt17663992,Scream VI,115800000.0
tt1772250,The Hidden Face,6300000.0
tt1782568,Yolki,701000000.0
tt1787988,Talaash: The Answer Lies Within,1729717500.0
tt1793931,Les Tuche,501311.0
tt1796603,The Best Movie 3,9816332.0
tt1798709,Her,48800000.0
tt18072376,The Situation of Mehdi,11887941250.0
tt1822239,Jock the Hero Dog,1400000.0
tt18226208,The Grassland,156552500.0
tt1823664,Annie,133821816.0
tt1824171,Escuchando al juez Garzón,7064.19
tt1826590,About Last Night,48637684.0
tt1838556,Honest Thief,31220247.0
tt1851880,Crebinsky,48198.9
tt18550140,Holy Spider,108052.0
tt1855417,To smithereens,403557.0
tt1863347,What Men Still Talk About,17808683.0
tt1867566,The Woodsman and the Rain,312542.0
tt1873551,Doentes,5098.6
tt1876451,Sparkle,24637469.0
tt1879016,Operation Mincemeat,15710164.0
tt1881109,Zeroville,65000.0
tt18816518,Sick of Myself,106156.0
tt1886740,One Love,319982.0
tt18925334,Pearl,9423445.0
tt18926886,The Loser Man,6231340000.0
tt19121506,Sagband,34135121094.0
tt1912518,Burnt by the Sun 2: The Citadel,1500000.0
tt1920980,Juan y Eva,289246.0
tt1922685,Phantom,1034589.0
tt1939659,Carrie,84790678.0
tt1950186,Ford v Ferrari,172535062.0
tt19719976,Joyland,30.7
tt19722066,Q108555187,7351738.0
tt19770238,Aftersun,1658790.0
tt1979320,Rush,90247624.0
tt19845414,Hell Dogs,3744712.0
tt20258156,Solitary,77586450000.0
tt2028588,Tralas Luces,4437.1
tt2053339,Brave Hearts: Umizaru,7330000000.0
tt2066051,Rocketman,182581610.0
tt20672490,American Carnage,110224.0
tt20673642,La traversée,2772979.0
tt20788760,I Love You,28000000.0
tt20850406,Sita Ramam,981000000.0
tt20865278,Tramite amicizia,2715479.0
tt2091235,Blue and Not So Pink,4164672.0
tt2093100,Home,4513541.0
tt2093990,El Niño,12500000.0
tt2094018,Hours,801983.0
tt2099556,Antiviral,61808.0
tt21033870,Kid-E-Cats and a sea of adventures,2500000.0
tt2106411,I'd Receive the Worst News from Your Beautiful Lips,538578.0
tt2106533,Marathon,89145.0
tt2107861,Walking on Sunshine,4500000.0
tt21109538,Hansan: Rising Dragon,18368855.0
tt21111120,The Point Men,13500000.0
tt21113962,"20,000 Species of Bees",1029862.0
tt21148018,Full River Red,589000000.0
tt2116974,Vysotsky. Thank You For Being Alive,27400000.0
tt2124096,Yolki 2,26231525.0
tt21254598,Cobweb,33503.0
tt2125500,The Last Elvis,841317.0
tt2125698,Young and Wild,212624.0
tt21265604,Massimo Troisi: Somebody Down There Likes Me,431113.0
tt21299844,The Land of Ahimsa,27662.0
tt21307994,Skinamarink,2116254.0
tt21309122,Reboiras: Acción e corazón,14494.0
tt21374850,All the Beauty and the Bloodshed,431600.0
tt2140379,Self/less,30523226.0
tt2142055,Xingu,3898283.67
tt2158649,My Boyfriend Is an Angel,2372984.0
tt2182001,Legenda No. 17,922622011.0
tt21867610,To My Nineteen Year Old Self,10290000.0
tt21869176,Creatura,196295.84
tt21881982,Championext,11827438.0
tt2190760,Here's the Deal,186618.0
tt2191765,One Wild Moment,5542735.0
tt2192016,The Dark Horse,1900000.0
tt2210769,"Liza, the Fox-Fairy",540928.0
tt2215477,Goliyon Ki Rasleela Ram-Leela,2010000000.0
tt2215719,Katy Perry: Part of Me,32726956.0
tt22185176,Volunteers: Xiongbing Attack,84096655.0
tt2222042,Love and Monsters,1100000.0
tt2222394,Nosotros los Nobles,26094935.0
tt2231457,The Queen of Spades,502105.0
tt2231461,Rampage,428028233.0
tt2243389,I'm So Excited,11700000.0
tt2245906,Unforgotten Shadows,643000.0
tt2246833,Vilamor,145595.9
tt22507524,12.12: The Day,93000000.0
tt2252680,Family United,2644389.0
tt2258239,8 First Dates,9100000.0
tt2258565,Suicides,1960000.0
tt2261719,The Jungle,370791733.0
tt2283336,Men in Black: International,3991614.0
tt2288121,Tot eshchyo Karloson!,308201115.0
tt22890246,How to Have Sex,892340.0
tt2305051,Wild,52501541.0
tt2311348,The Unexpected Life,897676.0
tt23177868,Mummies,1364773.0
tt2318405,White Tiger,7200000.0
tt2321517,Spy,135000000.0
tt2328813,Hard to Be a God,28608.0
tt23289160,Godzilla Minus One,58463707.0
tt2331143,"Like Father, Like Son",334616.0
tt2333598,7 Boxes,4447309012.0
tt2338151,PK,6160362500.0
tt2345759,The Mummy,409231607.0
tt2359121,Miracle Apples,9737264.0
tt2360390,"2 Francos, 40 Pesetas: Back to Switzerland",855840.0
tt2361317,Live by Night,15885366.0
tt2378171,El Mundo es Nuestro,507500.0
tt2378936,The Popcorn Chronicles,4757098.0
tt23789808,Poyekhavshaya,466000000.0
tt2380207,Stockholm,50000.0
tt2381941,Focus,158762963.0
tt2382396,Joe,2431443.0
tt2398143,Colosio: El asesinato,4220676.0
tt2400314,Block 18,320395.0
tt2401096,Leve boerenliefde,163568.0
tt2401715,The Devil's Violinist,766892.0
tt2402091,The Reunion,2397518.0
tt2404217,The Eternal Zero,8760000000.0
tt2404435,The Magnificent Seven,162360636.0
tt2404738,Witching & Bitching,8136011.0
tt2409302,Why Don't You Play in Hell?,28534.0
tt2451550,Gone Too Far!,8500000.0
tt24659372,Nürnberg,334500000.0
tt2469210,Steel Butterfly,1184000.0
tt2474958,Kill Your Friends,420091.0
tt2475794,Nightingale - The Robber,5104707.0
tt2494396,Mapa,38418.63
tt2527336,Star Wars: Episode VIII – The Last Jedi,64974039.0
tt2527338,Star Wars Episode IX: The Rise of Skywalker,54654185.0
tt2543010,Horizon Sky,71208.0
tt2544766,Michiel de Ruyter,5700000.0
tt2553908,Cinco de Mayo: La Batalla,112794852.0
tt2557478,Pacific Rim: Uprising,290930148.0
tt2562232,Birdman,103215094.0
tt2569398,And Here's What's Happening to Me,14000.0
tt2582846,The Fault in Our Stars,307200000.0
tt25828590,Fulbari,33.8
tt2584384,Jojo Rabbit,90335025.0
tt2593290,Double,7232000.0
tt2597216,Pas très normales activités,51577.0
tt2617828,Freier Fall,599721.0
tt2618368,Gloria,30000000.0
tt2620590,Leatherface,1500000.0
tt2638144,Ben-Hur,94061311.0
tt26427249,The House of No Man,384000000000.0
tt2649128,Metro,15080000.0
tt2649152,What Men Do!,11300000.0
tt2651370,Carmin Tropical,1500000.0
tt2659414,Miracle in Cell No. 7,80300000.0
tt26612950,The Teacher's Lounge,2300000.0
tt2664264,Thermae Romae II,42201497.0
tt2675914,In Order of Disappearance,50251.0
tt26935962,Godspeed,141910700.0
tt2713180,Fury,211822697.0
tt2718440,Moonwalkers,135622.0
tt2719848,Everest,203427584.0
tt2736854,O chyom molchat devushki,3678530.0
tt2739884,Love in Vegas,15880000.0
tt27590147,Only the River Flows,41400000.0
tt2763304,T2 Trainspotting,42100000.0
tt27672387,Saben aquell,986586.0
tt27775514,Baba Yaga Saves The World,5179241.0
tt2802154,Leviathan,4100000.0
tt28080961,Oh My School!,518120000.0
tt28152455,Rewind,889000000.0
tt2823088,Carmina and Amen,1046927.0
tt28350776,An Encounter to Remember,164640000.0
tt2852376,Heli,367872.0
tt2856930,Gagarin: First in Space,1100000.0
tt2861532,A Wolf at the Door,446436.0
tt2876428,"Guten Tag, Ramón",5104868.0
tt2882328,Ugly,62400000.0
tt2882854,Dead Still,2000000.0
tt29031019,Love Reset,11653866.0
tt2905422,Girl Gets Girl,36316.0
tt2906216,Dungeons & Dragons: Honor Among Thieves,78477328.0
tt2910814,The Signal,2423801.0
tt2923316,American Heist,2237561.0
tt2935510,Ad Astra,50188370.0
tt2948372,Soul,120957731.0
tt2955316,Spanish Affair,77000000.0
tt3013602,Babysitting,18241000.0
tt3028418,Sólo química,105600.0
tt3053228,Day of the Dead: Bloodline,259361.0
tt3065204,The Conjuring 2,320270008.0
tt3072732,Jim Button and Luke the Engine Driver,12080941.0
tt3074610,Bad Hair,2654379.0
tt3096712,The Snow White Murder Case,75334.0
tt3098306,Sous les jupes des filles,12258255.0
tt3103318,Q85967451,15186.9
tt3121434,Yolki 3,38067427.0
tt3123010,El cumple de la abuela,701193.0
tt3136646,Dukhless 2,490147278.0
tt3155242,Partisan,91430.0
tt3155604,The Geographer Drank His Globe Away,4257638.0
tt3165630,The Benefactor,2100000.0
tt3173594,Hacker,11200.0
tt3181776,Momentum,789406.0
tt3183660,Fantastic Beasts and Where to Find Them,814044001.0
tt3194532,Gorko!,25505814.0
tt3206616,October 1,60000000.0
tt3276924,Heist,1867456.0
tt3278224,I Dream in Another Language,3700000.0
tt3281548,Little Women,218843645.0
tt3286560,The Last Face,1200000.0
tt3303728,Sea Fog,11400000.0
tt3315342,Logan,226277068.0
tt3339650,Q96627300,4163.5
tt3354222,As the Gods Will,1550277.0
tt3402236,Murder on the Orient Express,352789811.0
tt3410834,The Divergent Series: Allegiant,66184051.0
tt3417422,Drishyam,750000000.0
tt3428882,Tempting Fate,15000000.0
tt3450116,Más negro que la noche,6091063.0
tt3451498,"Bystree, chem kroliki",5000000.0
tt3467412,Extinction,2300000.0
tt3469798,Orbiter 9,281319.0
tt3480822,Black Widow,183651655.0
tt3508268,Romance on Lushan Mountain,100000000.0
tt3522136,A Place in the Stars,160000000.0
tt3554046,Space Jam: A New Legacy,163732928.0
tt3581652,West Side Story,1720915.0
tt3584954,La puerta abierta,88401.0
tt3587486,La película de Ana,43430.0
tt3614516,Ankhon Dekhi,11100000.0
tt3631112,The Girl on the Train,173185859.0
tt3644570,Tom Little and the Magic Mirror,1183105.0
tt3661798,A Girl at My Door,569809.0
tt3662764,Muska,360000.0
tt3685622,600 Miles,282456.0
tt3686272,The Misfits Club,2423687.0
tt3704050,Remember,3692491.0
tt3704428,Elvis,21817962.0
tt3711466,The Kitchen in Paris,13969785.0
tt3720058,The Great Hypnotist,45600000.0
tt3720724,Requirements To Be A Normal Person,413306.0
tt3721072,The Beach of the Drowned,476667.2
tt3729920,The Disappearance of Eleanor Rigby,985007.0
tt3732252,Hill of Freedom,292411.0
tt3756788,Our Little Sister,15853660.0
tt3758172,Jungle,1906640.0
tt3775202,I Am a Hero,12145651.0
tt3784222,Paulina,1500000.0
tt3805180,All at Once,3442454.0
tt3829266,The Predator,160542134.0
tt3829920,Only the Brave,23097511.0
tt3846334,I'm Gilda,5159778.0
tt3855730,Kuchibiru ni uta o,386000000.0
tt3877844,Yolki 1914,704000000.0
tt3881410,La Leyenda de las Momias,6300000.0
tt3886454,Thirty Souls (Trinta Lumes),16782.59
tt3896102,Tad the Lost Explorer and the Secret of King Midas,19897280.0
tt3902310,Our Futures,1035527.0
tt3907284,Tolko ne oni,63436122.0
tt3909336,Worlds Apart,4969346.0
tt3914624,Q108677688,18382.0
tt3952226,Prophecy,10238535.0
tt3953834,Cart,5200000.0
tt3970854,The Perfect Dictatorship,12809592.0
tt3991412,The 9th Life of Louis Drax,288931.0
tt3995766,La Niña de la Mina,867983.0
tt4003046,Incir Reçeli 2,14586685.0
tt4010918,The Throne,45900000.0
tt4012424,O Filme da Minha Vida,1100000.0
tt4040616,30 Days in Atlanta,163000000.0
tt4058346,Name Me,63000.0
tt4079152,The Dead End,45110000.0
tt4084056,The Sense of Wonder,3850054.0
tt4084744,Battle for Sevastopol,8000000.0
tt4105584,Deep,10972309.0
tt4110388,Super López,14347006.0
tt4119030,Sunstroke,1700000.0
tt4120176,Things to Come,5500000.0
tt4121640,Dirty Wolves,128425.0
tt4123432,Fantastic Beasts: The Secrets of Dumbledore,95850844.0
tt4131496,The Vanishing,1202522.0
tt4142598,La hija de Moctezuma,3800000.0
tt4154664,Captain Marvel,426829839.0
tt4156700,Gorko! 2,13422611.0
tt4162910,The Frog Kingdom,3500000.0
tt4170436,That Thing Called Tadhana,134000000.0
tt4176826,Look Who's Back,25513752.0
tt4187590,Battalion,8903193.0
tt4230876,8 New Dates,7456577.0
tt4244994,The Last Duel,30055233.0
tt4287320,The Circle,33900000.0
tt4296386,Goodbye Mom,7424.0
tt4313614,The Very Private Life of Mister Sim,983751.0
tt4333408,The Great Game,226708.0
tt4341864,The Memory of Water,440254.0
tt4357170,A la mala,3646627.0
tt4383594,Nine Lives,57814445.0
tt4384088,Rage,191700.0
tt4400038,Chocolat,4100000.0
tt4411504,The Clan,20381995.0
tt4412362,Mi Gran Noche,11853000.0
tt4419196,Matilda,355973630.0
tt4422290,Fool's Day,1762945.0
tt4425200,John Wick: Chapter 2,171539887.0
tt4457020,El Jeremías,2540144.0
tt4457820,Barmen,1464960.0
tt4463894,Shaft,21360215.0
tt4466864,The New Adventures of Aladdin,31000000.0
tt4471388,Mafia: The Game of Survival,4026795.0
tt4488744,A Translator,78075.0
tt4513678,Ghostbusters: Afterlife,197360575.0
tt4530884,I Spit on Your Grave III: Vengeance is Mine,144661.0
tt4537362,"Kidnapping, Caucasian Style!",180942.0
tt4547056,The Girl with All the Gifts,2323090.0
tt4554690,The Automat,257371.0
tt4559932,Prizrak,7703697.0
tt4562518,The Distinguished Citizen,4845432.0
tt4589186,Saint-Amour,4100000.0
tt4633694,Spider-Man: Into the Spider-Verse,190241310.0
tt4643580,Un gallo con muchos huevos,24100000.0
tt4647432,Get married urgently,1019699.0
tt4682266,The New Mutants,23852659.0
tt4695012,It Comes at Night,8500000.0
tt4701660,The Mermaid,553810228.0
tt4704422,Letters from War,118523.0
tt4706702,"Paws, Bones & Rock'n'roll",2234206.0
tt4731148,Attraction,1000000000.0
tt4761112,The Mauritanian,7527030.0
tt4767340,Rag Union,1900000.0
tt4777008,Maleficent: Mistress of Evil,65412000.0
tt4823434,Tigers Are Not Afraid,576164.0
tt4829436,"Treintona, soltera y fantástica",136000000.0
tt4838440,French Cuisine,1700000.0
tt4842270,Beauty and the Bestie,502000000.0
tt4846952,Angrej,306800000.0
tt4871120,Road To Yesterday,30000700.0
tt4901306,Perfect Strangers,21000000.0
tt4912622,Los Buscadores,540561.0
tt4924942,The Invisible Guardian,3700000.0
tt4951982,Kursk,6821775.0
tt4958468,Un padre no tan padre,6156936.0
tt4975722,Moonlight,65336603.0
tt4991676,Elcano & Magallanes: First Trip Around the World,368894.0
tt5031998,Collector,718500.0
tt5034838,Godzilla vs. Kong,468216094.0
tt5050904,A Prominent Patient,40431718.0
tt5078204,Demain tout commence,7500000.0
tt5083604,The Very Best Day,10744717.0
tt5096628,Paris 05:59,34994.19
tt5112348,Paraíso perdido,362213.0
tt5113044,Minions: The Rise of Gru,760095375.0
tt5117428,Wild Rose,7100000.0
tt5121548,Breadcrumbs,18341.39
tt5144174,The Dry,16924715.0
tt5151570,Mrs. Harris Goes to Paris,10433915.0
tt5157456,Viking,26833929.0
tt5164214,Ocean's 8,100385760.0
tt5177088,The Girl in the Spider's Web,35000000.0
tt5198844,The Champions: Faster. Higher. Stronger,2425145.0
tt5207204,Panfilov's 28 Men,385000000.0
tt5215952,The Wailing,51539562.0
tt5223624,Rumbos paralelos,975795.0
tt5258850,See You Up There,15373413.0
tt5270810,Earthquake,3628615.0
tt5278832,The Lure,108846.0
tt5298180,"Take the Hit, Kid!",344557.0
tt5317914,The Icebreaker,5726092.0
tt5321942,Busco novio para mi mujer,1133078.0
tt5338588,8 Best Dates,274000000.0
tt5345806,El que busca encuentra,1149667.0
tt5352802,Status: Free,2203930.0
tt5433138,F9,173005945.0
tt5437194,30 svidaniy,1492651.0
tt5442430,Life,30234022.0
tt5456104,Rescue Under Fire,874360.0
tt5485420,The Shadow,5406.0
tt5487052,Den vyborov 2,3522317.0
tt5487524,Guardians of the Night – The Vampire War,501006.0
tt5488854,La vida inmoral de la pareja ideal,1414463.0
tt5517708,Lola Pater,26103.0
tt5537686,Can't Say Goodbye,80260.82
tt5538800,¿Qué culpa tiene el niño?,14400000.0
tt5574080,American Driver,113103.64
tt5591458,La Leyenda del Chupacabras,105000000.0
tt5592878,Errementari,150000.0
tt5606664,Doctor Sleep,72281712.0
tt5629524,Beyond the Edge,2040470.0
tt5653294,Flight Crew,1504138366.0
tt5697572,Cats,17090175.0
tt5699154,C'est la vie!,27700000.0
tt5714320,Let's dance!,261485.0
tt5714470,Come Away,1692494.0
tt5727208,Uncut Gems,50000000.0
tt5736696,Raid dingue,477000.0
tt5752192,Meander,698361.0
tt5774060,Underwater,17291078.0
tt5790492,It's for Your Own Good,9536256.0
tt5804038,I Am Not Your Negro,6200000.0
tt5807536,The Milky Way,855727.0
tt5808778,Skins,89208.0
tt5837242,How Vitka Chesnok Drove Lyokha Shtyr to the House for Disabled,5049275.0
tt5840988,Yolki 5,13155692.0
tt5844488,Ice,1493367664.0
tt5862312,Veronica,3525648.0
tt5884052,Detective Pikachu,449762638.0
tt5884796,Plane,29584868.0
tt5894846,Al Berto,23099.33
tt5918028,Asura: The City of Madness,18300843.0
tt5953804,The Night Train,40649290.0
tt5954462,Lumière!,530949.0
tt5971474,The Little Mermaid,217500000.0
tt5973626,Batman: Return of the Caped Crusaders,56711.0
tt5978822,The Wedding Party,453000000.0
tt5987402,Going Vertical,1014636805.0
tt5989218,Life Itself,4319912.0
tt5991410,"Lord, Give Me Patience",7900000.0
tt6010628,Zoe,278492.0
tt6012244,All the Devil's Men,65829.0
tt6041030,Mad World,1800000.0
tt6054874,Legend of Kolovrat,590200000.0
tt6063090,Light of My Life,20056.0
tt6070530,The Groom,7737173.0
tt6083230,Little Forest,7500000.0
tt6095090,The Bride,3004538.0
tt6095472,The Angry Birds Movie 2,19655468.0
tt6105880,JoJo's Bizarre Adventure: Diamond Is Unbreakable Chapter I,920000000.0
tt6139732,Aladdin,16497206.0
tt6141246,The Aeronauts,2851390.0
tt6144532,A House for Rent with All the Inconveniences,478.0
tt6155172,Roma,1140769.0
tt6157604,Q65553953,2889804.0
tt6157970,Wheely,49983.0
tt6189022,Angel Has Fallen,147501990.0
tt6193408,A Shaun the Sheep Movie: Farmageddon,16489589.0
tt6213294,Q63068747,12009.0
tt6237224,Macho,1600000.0
tt6264654,Free Guy,330600000.0
tt6270596,A Rough Draft,209000000.0
tt6332276,What We Left Behind,382457.0
tt6334354,The Suicide Squad,168717425.0
tt6386748,Birds of Passage,1409188.0
tt6390668,The Invisible Life,1700000.0
tt6443346,Black Adam,15300000.0
tt6444140,Time Share,370280.0
tt6450804,Terminator: Dark Fate,62253077.0
tt6459494,To Crack Bloggers,119836.0
tt6475714,Monster Hunter,42145959.0
tt6476140,Serenity,14454622.0
tt6489160,Harvie and the Magic Museum,28936449.0
tt6537238,Salyut 7,748000000.0
tt6565702,Dark Phoenix,58599025.0
tt6584254,The Gunshots in the Secrecy Bureau,18000000.0
tt6612178,Converso,88.85
tt6616622,Spasti Pushkina,5347385.0
tt6628228,Gogol. The Beginning,7757988.0
tt6673840,First Time,562953442.0
tt6685776,Isoken,95000000.0
tt6710474,Everything Everywhere All at Once,69908189.0
tt6723592,Tenet,361300000.0
tt6751668,Parasite,53369749.0
tt6755880,Q30889366,2151426.0
tt6772418,La Leyenda del Charro Negro,5351716.0
tt6772524,Trouble,11732876.0
tt6788942,Bad Genius,112150000.0
tt6789126,Ruben Blades Is Not My Name,46953.0
tt6791350,Guardians of the Galaxy Vol. 3,358995815.0
tt6793470,Forced Escape,55551644.0
tt6823698,Naughty Grandma,6013117.0
tt6830412,The Inhabitant,1838846.0
tt6833964,Sonora,112633.0
tt6841500,Kitchen. The last Battle,6535505.0
tt6844328,Sparta,649593.0
tt6882604,Archive,139593.0
tt6902676,Guns Akimbo,1002656.0
tt6906292,Retribution,18685751.0
tt6907804,Yolki 6,910368390000000.0
tt6915208,"Love, Chunibyo & Other Delusions! Take on Me",1744733.0
tt6920084,Resident Evil: Welcome to Raccoon City,41800000.0
tt6939372,"When I Get Home, My Wife Always Pretends to Be Dead.",1752391.0
tt6952604,Arrhythmia,66336524.0
tt6964554,Buy me,399733.0
tt6990206,Crimea,5815369.0
tt7025210,The Cell,56004004.0
tt7046826,The Mimic,9101690.0
tt7080138,The Crimes That Bind,23144130.0
tt7085234,Three Days till the Spring,8513922.0
tt7097896,Venom: Let There Be Carnage,17712228.0
tt7115920,"Lots of Kids, a Monkey and a Castle",504533.18
tt7126386,Light Up!,306701.0
tt7126948,Wonder Woman 1984,16701957.0
tt7131622,Once Upon a Time in Hollywood,374343626.0
tt7144666,The Black Phone,155928295.0
tt7170698,Soldado Milhões,118811.68
tt7185492,The Founding of an Army,60000000.0
tt7238392,Taxi 5,42000000.0
tt7251888,Beside Me,10852.0
tt7273648,About Love 2,681745.0
tt7280898,22 July,166526.0
tt7286456,Joker,96202337.0
tt7298400,Ash Is Purest White,12000000.0
tt7304032,Kanikuly Prezidenta,767853.0
tt7328154,Holiday,2671.0
tt7349950,It: Chapter Two,211622525.0
tt7362036,Dying to Survive,453000000.0
tt7394636,Unforgiven,5710418.0
tt7397338,Real Love,665603.0
tt7405458,A Man Called Otto,1256916.0
tt7430722,War,11540.0
tt7456310,Anna,7556511.0
tt7458762,The Wolf's Call,24400000.0
tt7464158,Photocopy,758249.0
tt7475284,Life Goes On,1894684.0
tt7479718,Love Education,26000000.0
tt7479784,"The Bold, the Corrupt, and the Beautiful",88610000.0
tt7493184,New Money,250000.0
tt7495440,Wonderful Losers: A Different World,93.144
tt7504726,The Call of the Wild,107604626.0
tt7526492,Rezo,4290867.0
tt7575778,Every Day a Good Day,276792.0
tt7582830,Ghost Bride,99000000.0
tt7599146,Sound of Freedom,231000000.0
tt7601480,Major Grom: Plague Doctor,317000000.0
tt7623230,Love in the City of Angels,311110.0
tt7632930,Coach,340100000.0
tt7638348,Boss Level,2000000.0
tt7645334,Landscape with Invisible Hand,203403.0
tt7653254,Marriage Story,232737.0
tt7657566,Death on the Nile,45630104.0
tt7670212,The Golden Glove,603434.0
tt7679126,The Best Summer of My Life,8070402.65
tt7691572,Cyborgs: Heroes Never Die,884894.0
tt7707314,Lionheart,21300000.0
tt7713068,Birds of Prey,205372791.0
tt7725626,Viswasam,206.0
tt7736478,The Traitor,5329455.0
tt7737786,Greenland,52300000.0
tt7738450,Thunder Road,458064.0
tt7763020,Dovlatov,115000000.0
tt7766122,Q64831799,9253.6
tt7776936,Frontier,1476576.0
tt7798634,Ready or Not,57615777.0
tt7806430,Perdiendo el este,3288447.0
tt7818580,While at War,10951887.0
tt7844166,The Scythian,56293994.0
tt7858496,The Japon,2663292.0
tt7863198,I Am Losing Weight,633525106.0
tt7867670,122,24808161.0
tt7880466,Detective Conan: Zero the Enforcer,9180000000.0
tt7888964,Nobody,56700000.0
tt7926840,Zomboyashchik,164784590.0
tt7967412,Eye for an Eye,2446947.33
tt7975244,Jumanji: The Next Level,320314960.0
tt7984734,The Lighthouse,18178770.0
tt8005366,Women vs. Men 2,2184495.0
tt8011450,Step Outside,3021688.0
tt8019694,Frankie,725642.0
tt8041270,Jurassic World Dominion,376851080.0
tt8049994,Little Eggs: An African Rescue,3500000.0
tt8051894,The Hill,2301931.0
tt8054150,What Men Talk About. Continuation,392000000.0
tt8093700,The Woman King,67328130.0
tt8098546,Doraemon: Nobita's Treasure Island,47108159.0
tt8110652,Bodies Bodies Bodies,11446602.0
tt8220326,Taxi to Gibraltar,1282086.0
tt8223844,"Modest Heroes: Ponoc Short Films Theatre, Volume 1",178027.0
tt8234866,The Eternal Life of Alexander Christoforov,196964.0
tt8237888,Yo la busco,4509.7
tt8254556,Girl (2018 film),4100000.0
tt8291806,Pain and Glory,1626406.0
tt8291918,One Breath,811515.0
tt8323120,The Truth,5200000.0
tt8326250,Sylvia,6364366.0
tt8329618,King of Boys,245000000.0
tt8332658,Carol of the Bells,294600.0
tt8351882,No Surrender,57634545.0
tt8356942,The 355,27854237.0
tt8367814,The Gentlemen,114996853.0
tt8376986,A normal world,57737.0
tt8396188,Tanks for Stalin,1591172.0
tt8461224,The Tax Collector,309.694
tt8483272,Strike,24743.0
tt8497794,Still Human,19811169.0
tt8499198,Two Tickets Home,18315.0
tt8523334,Nicky Larson and Cupid's Perfume,13300000.0
tt8561672,Paws-Men,982980.0
tt8561690,4x4,1292773.0
tt8579674,1917,384919389.0
tt8613070,Portrait of a Lady on Fire,3759854.0
tt8615732,Leaving Afghanistan,47500000.0
tt8633464,After Yang,46872.0
tt8637440,The Climb,710.806
tt8661486,Almost Ghosts,1038.0
tt8664988,The Blackout,162928290.0
tt8761814,Sheep and Wolves: Pig Deal,90968028.0
tt8769146,Union of Salvation,729100000.0
tt8790552,"Turu, the Wacky Hen",1360825.0
tt8805486,El Badla,67085009.0
tt8806768,I Can Quit Whenever I Want,11788968.0
tt8820590,T-34,1400138669.0
tt8829616,Friday Market,3418480.0
tt8844480,Moms at War,40000000.0
tt8866460,Osomatsusan the Movie,7297522.0
tt8912936,DC League of Super-Pets,23003441.0
tt8918042,Dnyukha!,460987.0
tt8938852,Women on the Run,211925133.0
tt8946378,Knives Out,196103961.0
tt8969332,The Biggest Little Farm,7189064.0
tt8976842,Zavera,1670.0
tt8980468,Sixth Bus,153319.0
tt8986842,Intimate Strangers,37900000.0
tt9032400,Eternals,164870234.0
tt9063684,U Get What U Kiss,92805.0
tt9063902,"Live Twice, Love Once",333024.0
tt9067182,Rocks,598859.0
tt9071322,Dark Waters,23108017.0
tt9086598,Selfie with Democracy,14395000.0
tt9098872,The Rescue,1060556.0
tt9114286,Black Panther: Wakanda Forever,453829060.0
tt9141588,Mediterraneo: The Law of the Sea,500000.0
tt9143112,Falling,489685.0
tt9198364,Three Thousand Years of Longing,20282422.0
tt9207700,Made in Italy,101339.0
tt9226154,The Crimean Bridge. Made with Love!,70606368.0
tt9231040,First Cow,1400000.0
tt9243804,The Green Knight,17173321.0
tt9303778,Good as New,281196.0
tt9310606,The Odd-Job Men,188980.0
tt9347730,Candyman,61186570.0
tt9357050,Dear Evan Hansen,19200000.0
tt9363208,The Guest,7507774.0
tt9376612,Shang-Chi and the Legend of the Ten Rings,224543292.0
tt9387250,Skylines,69808.0
tt9397884,Seven Dinners,106582344.0
tt9410034,The Last Bus,1645196.0
tt9411972,Where the Crawdads Sing,140200000.0
tt9419884,Doctor Strange in the Multiverse of Madness,411331607.0
tt9427166,Padre no hay más que uno,15894372.0
tt9450542,Naughty Grandma 2,453283968.0
tt9484998,Palm Springs,1512871.0
tt9558612,PM Narendra Modi,285100000.0
tt9563096,The Invisible,232517.0
tt9581076,"So Long, My Son",6601881.0
tt9586294,Better Days,223924428.0
tt9615680,Fur-trees Last,730565358.0
tt9616700,Adú,6371445.0
tt9624470,Loud Connection,540700000.0
tt9635616,The Climbers,174000000.0
tt9648886,Arab Blues,3168289.0
tt9652322,Chief Daddy,387500000.0
tt9663702,Q58331330,59719314.0
tt9686708,The King of Staten Island,2200000.0
tt9717498,Uno para todos,170895.0
tt9738784,Persian Lessons,323595.0
tt9742794,The Vault,9022920.0
tt9770150,Nomadland,9000000.0
tt9786512,Bye,1828868.62
tt9795368,Tobol: The Conquest Of Siberia,140967868.0
tt9806468,It Snows in Benidorm,323959.0
tt9809140,All the Freckles in the World,426801.0
tt9834506,Post Mortem,141915.0
tt9837502,Merry Men: The Real Yoruba Demons,235600000.0
tt9839038,Jim Button and the Wild 13,6880898.0
tt9906644,Manoharam,56200000.0
tt9916362,Akelarre,311592.0
